site	iso	instance_id	MAT	MRK	LUK	JHN	ACT	ROM	1CO	2CO	GAL	EPH	PHP	COL	1TH	2TH	1TI	2TI	TIT	PHM	HEB	JAS	1PE	2PE	1JN	2JN	3JN	JUD	REV
bible.audio	eng	ESV	true	true	true	true	true	true	true	true	true	true	true	true	true	true	true	true	true	true	true	true	true	true	true	true	true	true	true
bible.audio	eng	KJV	true	true	true	true	true	true	true	true	true	true	true	true	true	true	true	true	true	true	true	true	true	true	true	true	true	true	true
bible.audio	eng	NIV	true	true	true	true	true	true	true	true	true	true	true	true	true	true	true	true	true	true	true	true	true	true	true	true	true	true	true
bible.audio	fra	CRA	true	true	true	true	true	true	true	true	true	true	true	true	true	true	true	true	true	true	true	true	true	true	true	true	true	true	true
bible.audio	fra	DBY	true	true	true	true	true	true	true	true	true	true	true	true	true	true	true	true	true	true	true	true	true	true	true	true	true	true	true
bible.audio	fra	LSG	true	true	true	true	true	true	true	true	true	true	true	true	true	true	true	true	true	true	true	true	true	true	true	true	true	true	true
bible.audio	fra	MAR	true	true	true	true	true	true	true	true	true	true	true	true	true	true	true	true	true	true	true	true	true	true	true	true	true	true	true
bible.audio	fra	OST	true	true	true	true	true	true	true	true	true	true	true	true	true	true	true	true	true	true	true	true	true	true	true	true	true	true	true
bible.audio	fra	S21	true	true	true	true	true	true	true	true	true	true	true	true	true	true	true	true	true	true	true	true	true	true	true	true	true	true	true
bible.audio	fra	VIG	true	true	true	true	true	true	true	true	true	true	true	true	true	true	true	true	true	true	true	true	true	true	true	true	true	true	true
bible.audio	fra	LAU	true	true	true	true	true	true	true	true	true	true	true	true	true	true	true	true	true	true	true	true	true	true	true	true	true	true	true
bible.audio	fra	SAC	true	true	true	true	true	true	true	true	true	true	true	true	true	true	true	true	true	true	true	true	true	true	true	true	true	true	true
bible.audio	fra	GBT	true	true	true	true	true	true	true	true	true	true	true	true	true	true	true	true	true	true	true	true	true	true	true	true	true	true	true
bible.audio	fra	SEM	true	true	true	true	true	true	true	true	true	true	true	true	true	true	true	true	true	true	true	true	true	true	true	true	true	true	true
bible.audio	fra	BFC	true	true	true	true	true	true	true	true	true	true	true	true	true	true	true	true	true	true	true	true	true	true	true	true	true	true	true
bible.audio	fra	NEG	true	true	true	true	true	true	true	true	true	true	true	true	true	true	true	true	true	true	true	true	true	true	true	true	true	true	true
bible.audio	fra	PVI	true	true	true	true	true	true	true	true	true	true	true	true	true	true	true	true	true	true	true	true	true	true	true	true	true	true	true
bible.audio	fra	PDV	true	true	true	true	true	true	true	true	true	true	true	true	true	true	true	true	true	true	true	true	true	true	true	true	true	true	true
bible.audio	spa	RVR	true	true	true	true	true	true	true	true	true	true	true	true	true	true	true	true	true	true	true	true	true	true	true	true	true	true	true
bible.com	eng	4253	true	true	true	true	true	true	true	true	true	true	true	true	true	true	true	true	true	true	true	true	true	true	true	true	true	true	true
bible.com	eng	12	true	true	true	true	true	true	true	true	true	true	true	true	true	true	true	true	true	true	true	true	true	true	true	true	true	true	true
bible.com	eng	1588	true	true	true	true	true	true	true	true	true	true	true	true	true	true	true	true	true	true	true	true	true	true	true	true	true	true	true
bible.com	eng	8	true	true	true	true	true	true	true	true	true	true	true	true	true	true	true	true	true	true	true	true	true	true	true	true	true	true	true
bible.com	eng	3034	true	true	true	true	true	true	true	true	true	true	true	true	true	true	true	true	true	true	true	true	true	true	true	true	true	true	true
bible.com	eng	42	true	true	true	true	true	true	true	true	true	true	true	true	true	true	true	true	true	true	true	true	true	true	true	true	true	true	true
bible.com	eng	1713	true	true	true	true	true	true	true	true	true	true	true	true	true	true	true	true	true	true	true	true	true	true	true	true	true	true	true
bible.com	eng	4124	true	true	true	true	true	true	true	true	true	true	true	true	true	true	true	true	true	true	true	true	true	true	true	true	true	true	true
bible.com	eng	37	true	true	true	true	true	true	true	true	true	true	true	true	true	true	true	true	true	true	true	true	true	true	true	true	true	true	true
bible.com	eng	1275	true	true	true	true	true	true	true	true	true	true	true	true	true	true	true	true	true	true	true	true	true	true	true	true	true	true	true
bible.com	eng	392	true	true	true	true	true	true	true	true	true	true	true	true	true	true	true	true	true	true	true	true	true	true	true	true	true	true	true
bible.com	eng	294	true	true	true	true	true	true	true	true	true	true	true	true	true	true	true	true	true	true	true	true	true	true	true	true	true	true	true
bible.com	eng	303	true	true	true	true	true	true	true	true	true	true	true	true	true	true	true	true	true	true	true	true	true	true	true	true	true	true	true
bible.com	eng	478	true	true	true	true	true	true	true	true	true	true	true	true	true	true	true	true	true	true	true	true	true	true	true	true	true	true	true
bible.com	eng	55	true	true	true	true	true	true	true	true	true	true	true	true	true	true	true	true	true	true	true	true	true	true	true	true	true	true	true
bible.com	eng	2079	true	true	true	true	true	true	true	true	true	true	true	true	true	true	true	true	true	true	true	true	true	true	true	true	true	true	true
bible.com	eng	3915	true	true	true	true	true	true	true	true	true	true	true	true	true	true	true	true	true	true	true	true	true	true	true	true	true	true	true
bible.com	eng	59	true	true	true	true	true	true	true	true	true	true	true	true	true	true	true	true	true	true	true	true	true	true	true	true	true	true	true
bible.com	eng	4224	true	true	true	true	true	true	true	true	true	true	true	true	true	true	true	true	true	true	true	true	true	true	true	true	true	true	true
bible.com	eng	3633	true	true	true	true	true	true	true	true	true	true	true	true	true	true	true	true	true	true	true	true	true	true	true	true	true	true	true
bible.com	eng	1932	true	true	true	true	true	true	true	true	true	true	true	true	true	true	true	true	true	true	true	true	true	true	true	true	true	true	true
bible.com	eng	70	true	true	true	true	true	true	true	true	true	true	true	true	true	true	true	true	true	true	true	true	true	true	true	true	true	true	true
bible.com	eng	2163	true	true	true	true	true	true	true	true	true	true	true	true	true	true	true	true	true	true	true	true	true	true	true	true	true	true	true
bible.com	eng	296	true	true	true	true	true	true	true	true	true	true	true	true	true	true	true	true	true	true	true	true	true	true	true	true	true	true	true
bible.com	eng	431	true	true	true	true	true	true	true	true	true	true	true	true	true	true	true	true	true	true	true	true	true	true	true	true	true	true	true
bible.com	eng	416	true	true	true	true	true	true	true	true	true	true	true	true	true	true	true	true	true	true	true	true	true	true	true	true	true	true	true
bible.com	eng	68	true	true	true	true	true	true	true	true	true	true	true	true	true	true	true	true	true	true	true	true	true	true	true	true	true	true	true
bible.com	eng	69	true	true	true	true	true	true	true	true	true	true	true	true	true	true	true	true	true	true	true	true	true	true	true	true	true	true	true
bible.com	eng	72	true	true	true	true	true	true	true	true	true	true	true	true	true	true	true	true	true	true	true	true	true	true	true	true	true	true	true
bible.com	eng	406	true	true	true	true	true	true	true	true	true	true	true	true	true	true	true	true	true	true	true	true	true	true	true	true	true	true	true
bible.com	eng	1359	true	true	true	true	true	true	true	true	true	true	true	true	true	true	true	true	true	true	true	true	true	true	true	true	true	true	true
bible.com	eng	1077	true	true	true	true	true	true	true	true	true	true	true	true	true	true	true	true	true	true	true	true	true	true	true	true	true	true	true
bible.com	eng	1	true	true	true	true	true	true	true	true	true	true	true	true	true	true	true	true	true	true	true	true	true	true	true	true	true	true	true
bible.com	eng	546	true	true	true	true	true	true	true	true	true	true	true	true	true	true	true	true	true	true	true	true	true	true	true	true	true	true	true
bible.com	eng	547	true	true	true	true	true	true	true	true	true	true	true	true	true	true	true	true	true	true	true	true	true	true	true	true	true	true	true
bible.com	eng	3345	true	true	true	true	true	true	true	true	true	true	true	true	true	true	true	true	true	true	true	true	true	true	true	true	true	true	true
bible.com	eng	90	true	true	true	true	true	true	true	true	true	true	true	true	true	true	true	true	true	true	true	true	true	true	true	true	true	true	true
bible.com	eng	2660	true	true	true	true	true	true	true	true	true	true	true	true	true	true	true	true	true	true	true	true	true	true	true	true	true	true	true
bible.com	eng	1171	true	true	true	true	true	true	true	true	true	true	true	true	true	true	true	true	true	true	true	true	true	true	true	true	true	true	true
bible.com	eng	463	true	true	true	true	true	true	true	true	true	true	true	true	true	true	true	true	true	true	true	true	true	true	true	true	true	true	true
bible.com	eng	100	true	true	true	true	true	true	true	true	true	true	true	true	true	true	true	true	true	true	true	true	true	true	true	true	true	true	true
bible.com	eng	2692	true	true	true	true	true	true	true	true	true	true	true	true	true	true	true	true	true	true	true	true	true	true	true	true	true	true	true
bible.com	eng	105	true	true	true	true	true	true	true	true	true	true	true	true	true	true	true	true	true	true	true	true	true	true	true	true	true	true	true
bible.com	eng	107	true	true	true	true	true	true	true	true	true	true	true	true	true	true	true	true	true	true	true	true	true	true	true	true	true	true	true
bible.com	eng	110	true	true	true	true	true	true	true	true	true	true	true	true	true	true	true	true	true	true	true	true	true	true	true	true	true	true	true
bible.com	eng	113	true	true	true	true	true	true	true	true	true	true	true	true	true	true	true	true	true	true	true	true	true	true	true	true	true	true	true
bible.com	eng	111	true	true	true	true	true	true	true	true	true	true	true	true	true	true	true	true	true	true	true	true	true	true	true	true	true	true	true
bible.com	eng	114	true	true	true	true	true	true	true	true	true	true	true	true	true	true	true	true	true	true	true	true	true	true	true	true	true	true	true
bible.com	eng	116	true	true	true	true	true	true	true	true	true	true	true	true	true	true	true	true	true	true	true	true	true	true	true	true	true	true	true
bible.com	eng	4249	true	true	true	true	true	true	true	true	true	true	true	true	true	true	true	true	true	true	true	true	true	true	true	true	true	true	true
bible.com	eng	2135	true	true	true	true	true	true	true	true	true	true	true	true	true	true	true	true	true	true	true	true	true	true	true	true	true	true	true
bible.com	eng	2015	true	true	true	true	true	true	true	true	true	true	true	true	true	true	true	true	true	true	true	true	true	true	true	true	true	true	true
bible.com	eng	3523	true	true	true	true	true	true	true	true	true	true	true	true	true	true	true	true	true	true	true	true	true	true	true	true	true	true	true
bible.com	eng	2530	true	true	true	true	true	true	true	false	true	true	true	true	true	true	true	true	true	true	false	true	true	true	false	false	false	true	false
bible.com	eng	2753	true	true	true	true	true	true	true	true	true	true	true	true	true	true	true	true	true	true	true	true	true	true	true	true	true	true	true
bible.com	eng	2020	true	true	true	true	true	true	true	true	true	true	true	true	true	true	true	true	true	true	true	true	true	true	true	true	true	true	true
bible.com	eng	3548	true	true	true	true	true	true	true	true	true	true	true	true	true	true	true	true	true	true	true	true	true	true	true	true	true	true	true
bible.com	eng	2017	true	true	true	true	true	true	true	true	true	true	true	true	true	true	true	true	true	true	true	true	true	true	true	true	true	true	true
bible.com	eng	477	true	true	true	true	true	true	true	true	true	true	true	true	true	true	true	true	true	true	true	true	true	true	true	true	true	true	true
bible.com	eng	1922	true	true	true	true	true	true	true	true	true	true	true	true	true	true	true	true	true	true	true	true	true	true	true	true	true	true	true
bible.com	eng	1047	false	false	false	false	false	false	true	true	false	true	false	false	false	false	false	false	false	false	false	false	false	false	false	false	false	false	false
bible.com	eng	31	true	true	false	true	false	true	true	true	true	true	true	true	true	true	true	true	true	true	true	true	true	true	true	true	true	true	true
bible.com	eng	97	true	true	true	true	true	true	true	true	true	true	true	true	true	true	true	true	true	true	true	true	true	true	true	true	true	true	true
bible.com	eng	130	true	true	true	true	true	true	true	true	true	true	true	true	true	true	true	true	true	true	true	true	true	true	true	true	true	true	true
bible.com	eng	1849	true	true	true	true	true	true	true	true	true	true	true	true	true	true	true	true	true	true	true	true	true	true	true	true	true	true	true
bible.com	eng	316	true	true	true	true	true	true	true	true	true	true	true	true	true	true	true	true	true	true	true	true	true	true	true	true	true	true	true
bible.com	eng	3427	true	true	true	true	true	true	true	true	true	true	true	true	true	true	true	true	true	true	true	true	true	true	true	true	true	true	true
bible.com	eng	314	true	true	true	true	true	true	true	true	true	true	true	true	true	true	true	true	true	true	true	true	true	true	true	true	true	true	true
bible.com	eng	1204	true	true	true	true	true	true	true	true	true	true	true	true	true	true	true	true	true	true	true	true	true	true	true	true	true	true	true
bible.com	eng	206	true	true	true	true	true	true	true	true	true	true	true	true	true	true	true	true	true	true	true	true	true	true	true	true	true	true	true
bible.com	eng	1209	true	true	true	true	true	true	true	true	true	true	true	true	true	true	true	true	true	true	true	true	true	true	true	true	true	true	true
bible.com	eng	1207	true	true	true	true	true	true	true	true	true	true	true	true	true	true	true	true	true	true	true	true	true	true	true	true	true	true	true
bible.com	eng	2407	true	true	true	true	true	true	true	true	true	true	true	true	true	true	true	true	true	true	true	true	true	true	true	true	true	true	true
bible.com	eng	4108	true	true	true	true	true	true	true	true	true	true	true	true	true	true	true	true	true	true	true	true	true	true	true	true	true	true	true
bible.com	eng	821	true	true	true	true	true	true	true	true	true	true	true	true	true	true	true	true	true	true	true	true	true	true	true	true	true	true	true
bible.com	fra	64	true	true	true	true	true	true	true	true	true	true	true	true	true	true	true	true	true	true	true	true	true	true	true	true	true	true	true
bible.com	fra	93	true	true	true	true	true	true	true	true	true	true	true	true	true	true	true	true	true	true	true	true	true	true	true	true	true	true	true
bible.com	fra	504	true	true	true	true	true	true	true	true	true	true	true	true	true	true	true	true	true	true	true	true	true	true	true	true	true	true	true
bible.com	fra	3286	true	true	true	true	true	true	true	true	true	true	true	true	true	true	true	true	true	true	true	true	true	true	true	true	true	true	true
bible.com	fra	2599	true	false	false	false	false	false	false	false	false	false	false	false	false	false	false	false	false	false	false	false	false	false	false	false	false	false	false
bible.com	fra	3447	true	true	true	true	true	false	false	false	false	false	false	false	true	true	true	true	false	false	false	false	false	false	true	true	true	false	false
bible.com	fra	63	true	true	true	true	true	true	true	true	true	true	true	true	true	true	true	true	true	true	true	true	true	true	true	true	true	true	true
bible.com	fra	3547	true	false	false	false	false	false	false	false	false	false	false	false	false	false	false	false	false	false	false	false	false	false	false	false	false	false	false
bible.com	fra	152	true	true	true	true	true	true	true	true	true	true	true	true	true	true	true	true	true	true	true	true	true	true	true	true	true	true	true
bible.com	fra	21	true	true	true	true	true	true	true	true	true	true	true	true	true	true	true	true	true	true	true	true	true	true	true	true	true	true	true
bible.com	fra	62	true	true	true	true	true	true	true	true	true	true	true	true	true	true	true	true	true	true	true	true	true	true	true	true	true	true	true
bible.com	fra	2367	true	true	true	true	true	true	true	true	true	true	true	true	true	true	true	true	true	true	true	true	true	true	true	true	true	true	true
bible.com	fra	104	true	true	true	true	true	true	true	true	true	true	true	true	true	true	true	true	true	true	true	true	true	true	true	true	true	true	true
bible.com	fra	106	true	true	true	true	true	true	true	true	true	true	true	true	true	true	true	true	true	true	true	true	true	true	true	true	true	true	true
bible.com	fra	2053	true	true	true	true	true	true	true	true	true	true	true	true	true	true	true	true	true	true	true	true	true	true	true	true	true	true	true
bible.com	fra	131	true	true	true	true	true	true	true	true	true	true	true	true	true	true	true	true	true	true	true	true	true	true	true	true	true	true	true
bible.com	fra	133	true	true	true	true	true	true	true	true	true	true	true	true	true	true	true	true	true	true	true	true	true	true	true	true	true	true	true
bible.com	fra	3877	true	true	true	true	true	true	true	true	true	true	true	true	true	true	true	true	true	true	true	true	true	true	true	true	true	true	true
bible.com	fra	4410	true	true	true	true	true	true	true	true	true	true	true	true	true	true	true	true	true	true	true	true	true	true	true	true	true	true	true
bible.com	ita	54	true	true	true	true	true	true	true	true	true	true	true	true	true	true	true	true	true	true	true	true	true	true	true	true	true	true	true
bible.com	ita	1197	true	true	true	true	true	true	true	true	true	true	true	true	true	true	true	true	true	true	true	true	true	true	true	true	true	true	true
bible.com	ita	1196	true	true	true	true	true	true	true	true	true	true	true	true	true	true	true	true	true	true	true	true	true	true	true	true	true	true	true
bible.com	ita	3368	true	true	true	true	true	true	true	true	true	true	true	true	true	true	true	true	true	true	true	true	true	true	true	true	true	true	true
bible.com	ita	123	true	true	true	true	true	true	true	true	true	true	true	true	true	true	true	true	true	true	true	true	true	true	true	true	true	true	true
bible.com	ita	122	true	true	true	true	true	true	true	true	true	true	true	true	true	true	true	true	true	true	true	true	true	true	true	true	true	true	true
bible.com	ita	141	true	true	true	true	true	true	true	true	true	true	true	true	true	true	true	true	true	true	true	true	true	true	true	true	true	true	true
bible.com	pol	3881	true	true	true	true	true	true	true	true	true	true	true	true	true	true	true	true	true	true	true	true	true	true	true	true	true	true	true
bible.com	pol	132	true	true	true	true	true	true	true	true	true	true	true	true	true	true	true	true	true	true	true	true	true	true	true	true	true	true	true
bible.com	pol	3551	true	true	true	true	true	true	true	true	true	true	true	true	true	true	true	true	true	true	true	true	true	true	true	true	true	true	true
bible.com	pol	319	true	true	true	true	true	true	true	true	true	true	true	true	true	true	true	true	true	true	true	true	true	true	true	true	true	true	true
bible.com	pol	2095	true	true	true	true	true	true	true	true	true	true	true	true	true	true	true	true	true	true	true	true	true	true	true	true	true	true	true
bible.com	pol	137	true	true	true	true	true	true	true	true	true	true	true	true	true	true	true	true	true	true	true	true	true	true	true	true	true	true	true
bible.com	pol	3490	true	true	true	true	true	true	true	true	true	true	true	true	true	true	true	true	true	true	true	true	true	true	true	true	true	true	true
bible.com	pol	138	true	true	true	true	true	true	true	true	true	true	true	true	true	true	true	true	true	true	true	true	true	true	true	true	true	true	true
bible.com	spa	52	true	true	true	true	true	true	true	true	true	true	true	true	true	true	true	true	true	true	true	true	true	true	true	true	true	true	true
bible.com	spa	1718	true	true	true	true	true	true	true	true	true	true	true	true	true	true	true	true	true	true	true	true	true	true	true	true	true	true	true
bible.com	spa	1076	true	true	true	true	true	true	true	true	true	true	true	true	true	true	true	true	true	true	true	true	true	true	true	true	true	true	true
bible.com	spa	1715	true	true	true	true	true	true	true	true	true	true	true	true	true	true	true	true	true	true	true	true	true	true	true	true	true	true	true
bible.com	spa	411	true	true	true	true	true	true	true	true	true	true	true	true	true	true	true	true	true	true	true	true	true	true	true	true	true	true	true
bible.com	spa	1845	true	true	true	true	true	true	true	true	true	true	true	true	true	true	true	true	true	true	true	true	true	true	true	true	true	true	true
bible.com	spa	1846	true	true	true	true	true	true	true	true	true	true	true	true	true	true	true	true	true	true	true	true	true	true	true	true	true	true	true
bible.com	spa	4278	true	true	true	true	true	true	true	true	true	true	true	true	true	true	true	true	true	true	true	true	true	true	true	true	true	true	true
bible.com	spa	197	true	true	true	true	true	true	true	true	true	true	true	true	true	true	true	true	true	true	true	true	true	true	true	true	true	true	true
bible.com	spa	222	true	true	true	true	true	true	true	true	true	true	true	true	true	true	true	true	true	true	true	true	true	true	true	true	true	true	true
bible.com	spa	89	true	true	true	true	true	true	true	true	true	true	true	true	true	true	true	true	true	true	true	true	true	true	true	true	true	true	true
bible.com	spa	28	true	true	true	true	true	true	true	true	true	true	true	true	true	true	true	true	true	true	true	true	true	true	true	true	true	true	true
bible.com	spa	753	true	true	true	true	true	true	true	true	true	true	true	true	true	true	true	true	true	true	true	true	true	true	true	true	true	true	true
bible.com	spa	103	true	true	true	true	true	true	true	true	true	true	true	true	true	true	true	true	true	true	true	true	true	true	true	true	true	true	true
bible.com	spa	127	true	true	true	true	true	true	true	true	true	true	true	true	true	true	true	true	true	true	true	true	true	true	true	true	true	true	true
bible.com	spa	2664	true	true	true	true	true	true	true	true	true	true	true	true	true	true	true	true	true	true	true	true	true	true	true	true	true	true	true
bible.com	spa	128	true	true	true	true	true	true	true	true	true	true	true	true	true	true	true	true	true	true	true	true	true	true	true	true	true	true	true
bible.com	spa	150	true	true	true	true	true	true	true	true	true	true	true	true	true	true	true	true	true	true	true	true	true	true	true	true	true	true	true
bible.com	spa	1782	true	true	true	true	true	true	true	true	true	true	true	true	true	true	true	true	true	true	true	true	true	true	true	true	true	true	true
bible.com	spa	146	true	true	true	true	true	true	true	true	true	true	true	true	true	true	true	true	true	true	true	true	true	true	true	true	true	true	true
bible.com	spa	147	true	true	true	true	true	true	true	true	true	true	true	true	true	true	true	true	true	true	true	true	true	true	true	true	true	true	true
bible.com	spa	3539	true	true	true	true	true	true	true	true	true	true	true	true	true	true	true	true	true	true	true	true	true	true	true	true	true	true	true
bible.com	spa	3365	true	true	true	true	true	true	true	true	true	true	true	true	true	true	true	true	true	true	true	true	true	true	true	true	true	true	true
bible.com	spa	149	true	true	true	true	true	true	true	true	true	true	true	true	true	true	true	true	true	true	true	true	true	true	true	true	true	true	true
bible.com	spa	4013	true	true	true	true	true	true	true	true	true	true	true	true	true	true	true	true	true	true	true	true	true	true	true	true	true	true	true
bible.com	spa	176	true	true	true	true	true	true	true	true	true	true	true	true	true	true	true	true	true	true	true	true	true	true	true	true	true	true	true
bible.com	spa	178	true	true	true	true	true	true	true	true	true	true	true	true	true	true	true	true	true	true	true	true	true	true	true	true	true	true	true
bible.com	spa	3291	true	true	true	true	true	true	true	true	true	true	true	true	true	true	true	true	true	true	true	true	true	true	true	true	true	true	true
bible.is	eng	AUSWBT	false	true	false	false	false	true	true	false	false	true	true	true	true	true	true	true	false	true	false	true	true	true	false	false	false	true	false
bible.is	eng	ENGREV	true	true	true	true	true	true	true	true	true	true	true	true	true	true	true	true	true	true	true	true	true	true	true	true	true	true	true
bible.is	eng	ENGTLV	true	true	true	true	true	true	true	true	true	true	true	true	true	true	true	true	true	true	true	true	true	true	true	true	true	true	true
bible.is	eng	ENGWM1	true	true	true	true	true	true	true	true	true	true	true	true	true	true	true	true	true	true	true	true	true	true	true	true	true	true	true
bible.is	eng	ENGWMV	true	true	true	true	true	true	true	true	true	true	true	true	true	true	true	true	true	true	true	true	true	true	true	true	true	true	true
bible.is	eng	EN1ESV	true	true	true	true	true	true	true	true	true	true	true	true	true	true	true	true	true	true	true	true	true	true	true	true	true	true	true
bible.is	eng	ENGNAS	true	true	true	true	true	true	true	true	true	true	true	true	true	true	true	true	true	true	true	true	true	true	true	true	true	true	true
bible.is	eng	ENGNLT	true	true	true	true	true	true	true	true	true	true	true	true	true	true	true	true	true	true	true	true	true	true	true	true	true	true	true
bible.is	eng	ENGWWH	true	true	true	true	true	true	true	true	true	true	true	true	true	true	true	true	true	true	true	true	true	true	true	true	true	true	true
bible.is	eng	ENGASV	true	true	true	true	true	true	true	true	true	true	true	true	true	true	true	true	true	true	true	true	true	true	true	true	true	true	true
bible.is	eng	ENGCEV	true	true	true	true	true	true	true	true	true	true	true	true	true	true	true	true	true	true	true	true	true	true	true	true	true	true	true
bible.is	eng	ENGESV	true	true	true	true	true	true	true	true	true	true	true	true	true	true	true	true	true	true	true	true	true	true	true	true	true	true	true
bible.is	eng	ENGEVD	true	true	true	true	true	true	true	true	true	true	true	true	true	true	true	true	true	true	true	true	true	true	true	true	true	true	true
bible.is	eng	ENGKJV	true	true	true	true	true	true	true	true	true	true	true	true	true	true	true	true	true	true	true	true	true	true	true	true	true	true	true
bible.is	eng	ENGNAB	false	false	false	false	true	false	true	true	true	true	false	true	true	true	true	true	false	false	true	false	true	true	true	true	true	false	false
bible.is	eng	ENGNIV	true	true	true	true	true	true	true	true	true	true	true	true	true	true	true	true	true	true	true	true	true	true	true	true	true	true	true
bible.is	eng	ENGNKJV	true	true	true	true	true	true	true	true	true	true	true	true	true	true	true	true	true	true	true	true	true	true	true	true	true	true	true
bible.is	eng	ENGWEB	true	true	true	true	true	true	true	true	true	true	true	true	true	true	true	true	true	true	true	true	true	true	true	true	true	true	true
bible.is	fra	FRADBY	true	true	true	true	true	true	true	true	true	true	true	true	true	true	true	true	true	true	true	true	true	true	true	true	true	true	true
bible.is	fra	FRNTLS	true	true	true	true	true	true	true	true	true	true	true	true	true	true	true	true	true	true	true	true	true	true	true	true	true	true	true
bible.is	fra	FRABIB	true	true	true	true	true	true	true	true	true	true	true	true	true	true	true	true	true	true	true	true	true	true	true	true	true	true	true
bible.is	fra	FRNO96	true	true	true	true	true	true	true	true	true	true	true	true	true	true	true	true	true	true	true	true	true	true	true	true	true	true	true
bible.is	fra	FRAPDF	true	true	true	true	true	true	true	true	true	true	true	true	true	true	true	true	true	true	true	true	true	true	true	true	true	true	true
bible.is	fra	FRAPDVA	true	true	true	true	true	true	true	true	true	true	true	true	true	true	true	true	true	true	true	true	true	true	true	true	true	true	true
bible.is	fra	FRADPI	true	true	true	true	true	true	true	true	true	true	true	true	true	true	true	true	true	true	true	true	true	true	true	true	true	true	true
bible.is	fra	FRAPDVC	true	true	true	true	true	true	true	true	true	true	true	true	true	true	true	true	true	true	true	true	true	true	true	true	true	true	true
bible.is	ita	ITAR27	true	true	true	true	true	true	true	true	true	true	true	true	true	true	true	true	true	true	true	true	true	true	true	true	true	true	true
bible.is	pol	POLPBG	true	true	true	true	true	true	true	true	true	true	true	true	true	true	true	true	true	true	true	true	true	true	true	true	true	true	true
bible.is	pol	POLNCV	true	true	true	true	true	true	true	true	true	true	true	true	true	true	true	true	true	true	true	true	true	true	true	true	true	true	true
bible.is	spa	SPNR02	true	true	true	true	true	true	true	true	true	true	true	true	true	true	true	true	true	true	true	true	true	true	true	true	true	true	true
bible.is	spa	SPABDA	true	true	true	true	true	true	true	true	true	true	true	true	true	true	true	true	true	true	true	true	true	true	true	true	true	true	true
bible.is	spa	SPADHH	true	true	true	true	true	true	true	true	true	true	true	true	true	true	true	true	true	true	true	true	true	true	true	true	true	true	true
bible.is	spa	SPNLBV	true	true	true	true	true	true	true	true	true	true	true	true	true	true	true	true	true	true	true	true	true	true	true	true	true	true	true
bible.is	spa	SPNBLA	true	true	true	true	true	true	true	true	true	true	true	true	true	true	true	true	true	true	true	true	true	true	true	true	true	true	true
bible.is	spa	SPNLPS	true	true	true	true	true	true	true	true	true	true	true	true	true	true	true	true	true	true	true	true	true	true	true	true	true	true	true
bible.is	spa	SPANVI	true	true	true	true	true	true	true	true	true	true	true	true	true	true	true	true	true	true	true	true	true	true	true	true	true	true	true
bible.is	spa	SPNNVI	true	true	true	true	true	true	true	true	true	true	true	true	true	true	true	true	true	true	true	true	true	true	true	true	true	true	true
bible.is	spa	SPANTV	true	true	true	true	true	true	true	true	true	true	true	true	true	true	true	true	true	true	true	true	true	true	true	true	true	true	true
bible.is	spa	SPNTLA	true	true	true	true	true	true	true	true	true	false	true	true	true	true	true	true	true	true	true	true	true	true	true	true	false	false	true
bible.is	spa	SPNDLH	true	true	true	true	true	true	true	true	true	true	true	true	true	true	true	true	true	true	true	true	true	true	true	true	true	true	true
bible.is	spa	SPAR95	true	true	true	true	true	true	true	true	true	true	true	true	true	true	true	true	true	true	true	true	true	true	true	true	true	true	true
bible.is	spa	SPAR60	true	true	true	true	true	true	true	true	true	true	true	true	true	true	true	true	true	true	true	true	true	true	true	true	true	true	true
bible.is	spa	SPAERV	true	true	true	true	true	true	true	true	true	true	true	true	true	true	true	true	true	true	true	true	true	true	true	true	true	true	true
bible.is	spa	SPAWTC	true	true	true	true	true	true	true	true	true	true	true	true	true	true	true	true	true	true	true	true	true	true	true	true	true	true	true
biblegateway.com	eng	1599-Geneva-Bible-GNV	true	true	true	true	true	true	true	true	true	true	true	true	true	true	true	true	true	true	true	true	true	true	true	true	true	true	true
biblegateway.com	eng	21st-Century-King-James-Version-KJ21-Bible	true	true	true	true	true	true	true	true	true	true	true	true	true	true	true	true	true	true	true	true	true	true	true	true	true	true	true
biblegateway.com	eng	American-Standard-Version-ASV-Bible	true	true	true	true	true	true	true	true	true	true	true	true	true	true	true	true	true	true	true	true	true	true	true	true	true	true	true
biblegateway.com	eng	Amplified-Bible-AMP	true	true	true	true	true	true	true	true	true	true	true	true	true	true	true	true	true	true	true	true	true	true	true	true	true	true	true
biblegateway.com	eng	Amplified-Bible-Classic-Edition-AMPC	true	true	true	true	true	true	true	true	true	true	true	true	true	true	true	true	true	true	true	true	true	true	true	true	true	true	true
biblegateway.com	eng	Authorized-King-James-Version-AKJV-Bible	true	true	true	true	true	true	true	true	true	true	true	true	true	true	true	true	true	true	true	true	true	true	true	true	true	true	true
biblegateway.com	eng	BRG-Bible	true	true	true	true	true	true	true	true	true	true	true	true	true	true	true	true	true	true	true	true	true	true	true	true	true	true	true
biblegateway.com	eng	Christian-Standard-Bible-CSB	true	true	true	true	true	true	true	true	true	true	true	true	true	true	true	true	true	true	true	true	true	true	true	true	true	true	true
biblegateway.com	eng	Christian-Standard-Bible-Anglicised-CSBA-Bible	true	true	true	true	true	true	true	true	true	true	true	true	true	true	true	true	true	true	true	true	true	true	true	true	true	true	true
biblegateway.com	eng	Common-English-Bible-CEB	true	true	true	true	true	true	true	true	true	true	true	true	true	true	true	true	true	true	true	true	true	true	true	true	true	true	true
biblegateway.com	eng	Complete-Jewish-Bible-CJB	true	true	true	true	true	true	true	true	true	true	true	true	true	true	true	true	true	true	true	true	true	true	true	true	true	true	true
biblegateway.com	eng	Contemporary-English-Version-CEV-Bible	true	true	true	true	true	true	true	true	true	true	true	true	true	true	true	true	true	true	true	true	true	true	true	true	true	true	true
biblegateway.com	eng	Darby-Translation-Bible	true	true	true	true	true	true	true	true	true	true	true	true	true	true	true	true	true	true	true	true	true	true	true	true	true	true	true
biblegateway.com	eng	Disciples-Literal-New-Testament-DLNT	true	true	true	true	true	true	true	true	true	true	true	true	true	true	true	true	true	true	true	true	true	true	true	true	true	true	true
biblegateway.com	eng	Douay-Rheims-1899-American-Edition-DRA-Bible	true	true	true	true	true	true	true	true	true	true	true	true	true	true	true	true	true	true	true	true	true	true	true	true	true	true	true
biblegateway.com	eng	Easy-to-Read-Version-ERV-Bible	true	true	true	true	true	true	true	true	true	true	true	true	true	true	true	true	true	true	true	true	true	true	true	true	true	true	true
biblegateway.com	eng	EasyEnglish-Bible-EASY	true	true	true	true	true	true	true	true	true	true	true	true	true	true	true	true	true	true	true	true	true	true	true	true	true	true	true
biblegateway.com	eng	English-Standard-Version-ESV-Bible	true	true	true	true	true	true	true	true	true	true	true	true	true	true	true	true	true	true	true	true	true	true	true	true	true	true	true
biblegateway.com	eng	English-Standard-Version-Anglicised-ESV-Bible	true	true	true	true	true	true	true	true	true	true	true	true	true	true	true	true	true	true	true	true	true	true	true	true	true	true	true
biblegateway.com	eng	Evangelical-Heritage-Version-EHV-Bible	true	true	true	true	true	true	true	true	true	true	true	true	true	true	true	true	true	true	true	true	true	true	true	true	true	true	true
biblegateway.com	eng	Expanded-Bible-EXB	true	true	true	true	true	true	true	true	true	true	true	true	true	true	true	true	true	true	true	true	true	true	true	true	true	true	true
biblegateway.com	eng	GODS-WORD-Translation-GW-Bible	true	true	true	true	true	true	true	true	true	true	true	true	true	true	true	true	true	true	true	true	true	true	true	true	true	true	true
biblegateway.com	eng	Good-News-Translation-GNT-Bible	true	true	true	true	true	true	true	true	true	true	true	true	true	true	true	true	true	true	true	true	true	true	true	true	true	true	true
biblegateway.com	eng	Holman-Christian-Standard-Bible-HCSB	true	true	true	true	true	true	true	true	true	true	true	true	true	true	true	true	true	true	true	true	true	true	true	true	true	true	true
biblegateway.com	eng	International-Childrens-Bible-ICB	true	true	true	true	true	true	true	true	true	true	true	true	true	true	true	true	true	true	true	true	true	true	true	true	true	true	true
biblegateway.com	eng	International-Standard-Version-ISV-Bible	true	true	true	true	true	true	true	true	true	true	true	true	true	true	true	true	true	true	true	true	true	true	true	true	true	true	true
biblegateway.com	eng	JB-Phillips-New-Testament	true	true	true	true	true	true	true	true	true	true	true	true	true	true	true	true	true	true	true	true	true	true	true	true	true	true	true
biblegateway.com	eng	Jubilee-Bible-2000-JUB	true	true	true	true	true	true	true	true	true	true	true	true	true	true	true	true	true	true	true	true	true	true	true	true	true	true	true
biblegateway.com	eng	King-James-Version-KJV-Bible	true	true	true	true	true	true	true	true	true	true	true	true	true	true	true	true	true	true	true	true	true	true	true	true	true	true	true
biblegateway.com	eng	Legacy-Standard-Bible-LSB-Bible	true	true	true	true	true	true	true	true	true	true	true	true	true	true	true	true	true	true	true	true	true	true	true	true	true	true	true
biblegateway.com	eng	Lexham-English-Bible-LEB	true	true	true	true	true	true	true	true	true	true	true	true	true	true	true	true	true	true	true	true	true	true	true	true	true	true	true
biblegateway.com	eng	The-Living-Bible-TLB	true	true	true	true	true	true	true	true	true	true	true	true	true	true	true	true	true	true	true	true	true	true	true	true	true	true	true
biblegateway.com	eng	Modern-English-Version-MEV-Bible	true	true	true	true	true	true	true	true	true	true	true	true	true	true	true	true	true	true	true	true	true	true	true	true	true	true	true
biblegateway.com	eng	Mounce-Reverse-Interlinear-New-Testament	true	true	true	true	true	true	true	true	true	true	true	true	true	true	true	true	true	true	true	true	true	true	true	true	true	true	true
biblegateway.com	eng	Names-of-God-NOG-Bible	true	true	true	true	true	true	true	true	true	true	true	true	true	true	true	true	true	true	true	true	true	true	true	true	true	true	true
biblegateway.com	eng	New-American-Bible-Revised-Edition-NABRE-Bible	true	true	true	true	true	true	true	true	true	true	true	true	true	true	true	true	true	true	true	true	true	true	true	true	true	true	true
biblegateway.com	eng	New-American-Standard-Bible-NASB	true	true	true	true	true	true	true	true	true	true	true	true	true	true	true	true	true	true	true	true	true	true	true	true	true	true	true
biblegateway.com	eng	New-American-Standard-Bible-NASB1995	true	true	true	true	true	true	true	true	true	true	true	true	true	true	true	true	true	true	true	true	true	true	true	true	true	true	true
biblegateway.com	eng	New-Catholic-Bible-NCB-Bible	true	true	true	true	true	true	true	true	true	true	true	true	true	true	true	true	true	true	true	true	true	true	true	true	true	true	true
biblegateway.com	eng	New-Century-Version-NCV-Bible	true	true	true	true	true	true	true	true	true	true	true	true	true	true	true	true	true	true	true	true	true	true	true	true	true	true	true
biblegateway.com	eng	New-English-Translation-NET-Bible	true	true	true	true	true	true	true	true	true	true	true	true	true	true	true	true	true	true	true	true	true	true	true	true	true	true	true
biblegateway.com	eng	New-International-Readers-Version-NIRV-Bible	true	true	true	true	true	true	true	true	true	true	true	true	true	true	true	true	true	true	true	true	true	true	true	true	true	true	true
biblegateway.com	eng	New-International-Version-NIV-Bible	true	true	true	true	true	true	true	true	true	true	true	true	true	true	true	true	true	true	true	true	true	true	true	true	true	true	true
biblegateway.com	eng	New-International-Version-UK-NIVUK-Bible	true	true	true	true	true	true	true	true	true	true	true	true	true	true	true	true	true	true	true	true	true	true	true	true	true	true	true
biblegateway.com	eng	New-King-James-Version-NKJV-Bible	true	true	true	true	true	true	true	true	true	true	true	true	true	true	true	true	true	true	true	true	true	true	true	true	true	true	true
biblegateway.com	eng	New-Life-Version-NLV-Bible	true	true	true	true	true	true	true	true	true	true	true	true	true	true	true	true	true	true	true	true	true	true	true	true	true	true	true
biblegateway.com	eng	New-Living-Translation-NLT-Bible	true	true	true	true	true	true	true	true	true	true	true	true	true	true	true	true	true	true	true	true	true	true	true	true	true	true	true
biblegateway.com	eng	New-Matthew-Bible-NMB	true	true	true	true	true	true	true	true	true	true	true	true	true	true	true	true	true	true	true	true	true	true	true	true	true	true	true
biblegateway.com	eng	New-Revised-Standard-Version-Catholic-Edition-NRSVCE-Bible	true	true	true	true	true	true	true	true	true	true	true	true	true	true	true	true	true	true	true	true	true	true	true	true	true	true	true
biblegateway.com	eng	New-Revised-Standard-Version-Updated-Edition-NRSVue-Bible	true	true	true	true	true	true	true	true	true	true	true	true	true	true	true	true	true	true	true	true	true	true	true	true	true	true	true
biblegateway.com	eng	New-Revised-Standard-Version-Anglicised-NRSVA-Bible	true	true	true	true	true	true	true	true	true	true	true	true	true	true	true	true	true	true	true	true	true	true	true	true	true	true	true
biblegateway.com	eng	New-Revised-Standard-Version-Anglicised-Catholic-Edition-NRSVACE-Bible	true	true	true	true	true	true	true	true	true	true	true	true	true	true	true	true	true	true	true	true	true	true	true	true	true	true	true
biblegateway.com	eng	New-Testament-for-Everyone-NTFE	true	true	true	true	true	true	true	true	true	true	true	true	true	true	true	true	true	true	true	true	true	true	true	true	true	true	true
biblegateway.com	eng	Orthodox-Jewish-Bible-OJB	true	true	true	true	true	true	true	true	true	true	true	true	true	true	true	true	true	true	true	true	true	true	true	true	true	true	true
biblegateway.com	eng	Revised-Geneva-Translation-RGT-Bible	true	true	true	true	true	true	true	true	true	true	true	true	true	true	true	true	true	true	true	true	true	true	true	true	true	true	true
biblegateway.com	eng	Revised-Standard-Version-RSV-Bible	true	true	true	true	true	true	true	true	true	true	true	true	true	true	true	true	true	true	true	true	true	true	true	true	true	true	true
biblegateway.com	eng	Revised-Standard-Version-Catholic-Edition-RSVCE-Bible	true	true	true	true	true	true	true	true	true	true	true	true	true	true	true	true	true	true	true	true	true	true	true	true	true	true	true
biblegateway.com	eng	Message-MSG-Bible	true	true	true	true	true	true	true	true	true	true	true	true	true	true	true	true	true	true	true	true	true	true	true	true	true	true	true
biblegateway.com	eng	The-Voice-Bible	true	true	true	true	true	true	true	true	true	true	true	true	true	true	true	true	true	true	true	true	true	true	true	true	true	true	true
biblegateway.com	eng	Tree-of-Life-Version-TLV-Bible	true	true	true	true	true	true	true	true	true	true	true	true	true	true	true	true	true	true	true	true	true	true	true	true	true	true	true
biblegateway.com	eng	World-English-Bible-WEB	true	true	true	true	true	true	true	true	true	true	true	true	true	true	true	true	true	true	true	true	true	true	true	true	true	true	true
biblegateway.com	eng	Worldwide-English-New-Testament-WE	true	true	true	true	true	true	true	true	true	true	true	true	true	true	true	true	true	true	true	true	true	true	true	true	true	true	true
biblegateway.com	eng	Wycliffe-Bible-WYC	true	true	true	true	true	true	true	true	true	true	true	true	true	true	true	true	true	true	true	true	true	true	true	true	true	true	true
biblegateway.com	eng	Youngs-Literal-Translation-YLT-Bible	true	true	true	true	true	true	true	true	true	true	true	true	true	true	true	true	true	true	true	true	true	true	true	true	true	true	true
biblegateway.com	fra	La-Bible-du-Semeur-BDS	true	true	true	true	true	true	true	true	true	true	true	true	true	true	true	true	true	true	true	true	true	true	true	true	true	true	true
biblegateway.com	fra	Louis-Segond-LSG	true	true	true	true	true	true	true	true	true	true	true	true	true	true	true	true	true	true	true	true	true	true	true	true	true	true	true
biblegateway.com	fra	Nouvelle-Edition-de-Geneve-NEG1979-Bible	true	true	true	true	true	true	true	true	true	true	true	true	true	true	true	true	true	true	true	true	true	true	true	true	true	true	true
biblegateway.com	fra	Segond-21-SG21-Bible	true	true	true	true	true	true	true	true	true	true	true	true	true	true	true	true	true	true	true	true	true	true	true	true	true	true	true
biblegateway.com	ita	Conferenza-Episcopale-Italiana-CEI	true	true	true	true	true	true	true	true	true	true	true	true	true	true	true	true	true	true	true	true	true	true	true	true	true	true	true
biblegateway.com	ita	La-Bibbia-della-Gioia-BDG	true	true	true	true	true	true	true	true	true	true	true	true	true	true	true	true	true	true	true	true	true	true	true	true	true	true	true
biblegateway.com	ita	La-Nuova-Diodati-LND	true	true	true	true	true	true	true	true	true	true	true	true	true	true	true	true	true	true	true	true	true	true	true	true	true	true	true
biblegateway.com	ita	Nuova-Riveduta-1994-NR1994	true	true	true	true	true	true	true	true	true	true	true	true	true	true	true	true	true	true	true	true	true	true	true	true	true	true	true
biblegateway.com	ita	Nuova-Riveduta-2006-NR2006	true	true	true	true	true	true	true	true	true	true	true	true	true	true	true	true	true	true	true	true	true	true	true	true	true	true	true
biblegateway.com	pol	Nowe-Przymierze	true	true	true	true	true	true	true	true	true	true	true	true	true	true	true	true	true	true	true	true	true	true	true	true	true	true	true
biblegateway.com	pol	Słowo-Życia-SZ	true	true	true	true	true	true	true	true	true	true	true	true	true	true	true	true	true	true	true	true	true	true	true	true	true	true	true
biblegateway.com	pol	Updated-Gdańsk-Bible-UBG	true	true	true	true	true	true	true	true	true	true	true	true	true	true	true	true	true	true	true	true	true	true	true	true	true	true	true
biblegateway.com	spa	Jubilee-Bible-2000-Spanish-JBS	true	true	true	true	true	true	true	true	true	true	true	true	true	true	true	true	true	true	true	true	true	true	true	true	true	true	true
biblegateway.com	spa	Dios-Habla-Hoy-DHH-Biblia	true	true	true	true	true	true	true	true	true	true	true	true	true	true	true	true	true	true	true	true	true	true	true	true	true	true	true
biblegateway.com	spa	La-Biblia-de-las-Américas-LBLA	true	true	true	true	true	true	true	true	true	true	true	true	true	true	true	true	true	true	true	true	true	true	true	true	true	true	true
biblegateway.com	spa	Biblia-La-Palabra-España-BLP	true	true	true	true	true	true	true	true	true	true	true	true	true	true	true	true	true	true	true	true	true	true	true	true	true	true	true
biblegateway.com	spa	Biblia-La-Palabra-Hispanoamérica-BLPH	true	true	true	true	true	true	true	true	true	true	true	true	true	true	true	true	true	true	true	true	true	true	true	true	true	true	true
biblegateway.com	spa	Nueva-Biblia-Viva-NBV	true	true	true	true	true	true	true	true	true	true	true	true	true	true	true	true	true	true	true	true	true	true	true	true	true	true	true
biblegateway.com	spa	Nueva-Biblia-de-las-Américas-NBLA	true	true	true	true	true	true	true	true	true	true	true	true	true	true	true	true	true	true	true	true	true	true	true	true	true	true	true
biblegateway.com	spa	Nueva-Traduccion-Viviente-Biblia-NTV	true	true	true	true	true	true	true	true	true	true	true	true	true	true	true	true	true	true	true	true	true	true	true	true	true	true	true
biblegateway.com	spa	Nueva-Version-Internacional-Castilian-Biblia-CST	true	true	true	true	true	true	true	true	true	true	true	true	true	true	true	true	true	true	true	true	true	true	true	true	true	true	true
biblegateway.com	spa	Nueva-Version-Internacional-Biblia-NVI	true	true	true	true	true	true	true	true	true	true	true	true	true	true	true	true	true	true	true	true	true	true	true	true	true	true	true
biblegateway.com	spa	Palabra-de-Dios-para-Todos-Biblia-PDT	true	true	true	true	true	true	true	true	true	true	true	true	true	true	true	true	true	true	true	true	true	true	true	true	true	true	true
biblegateway.com	spa	Reina-Valera-Actualizada-RVA2015-Biblia	true	true	true	true	true	true	true	true	true	true	true	true	true	true	true	true	true	true	true	true	true	true	true	true	true	true	true
biblegateway.com	spa	Reina-Valera-Contemporanea-Biblia-RVC	true	true	true	true	true	true	true	true	true	true	true	true	true	true	true	true	true	true	true	true	true	true	true	true	true	true	true
biblegateway.com	spa	Reina-Valera-Revisada-RVR	true	true	true	true	true	true	true	true	true	true	true	true	true	true	true	true	true	true	true	true	true	true	true	true	true	true	true
biblegateway.com	spa	Reina-Valera-1960-RVR1960-Biblia	true	true	true	true	true	true	true	true	true	true	true	true	true	true	true	true	true	true	true	true	true	true	true	true	true	true	true
biblegateway.com	spa	Reina-Valera-1995-RVR1995-Biblia	true	true	true	true	true	true	true	true	true	true	true	true	true	true	true	true	true	true	true	true	true	true	true	true	true	true	true
biblegateway.com	spa	Reina-Valera-Antigua-RVA-Biblia	true	true	true	true	true	true	true	true	true	true	true	true	true	true	true	true	true	true	true	true	true	true	true	true	true	true	true
biblegateway.com	spa	Spanish-Blue-Red-Gold-Letter-Edition-SRV-BRG	true	true	true	true	true	true	true	true	true	true	true	true	true	true	true	true	true	true	true	true	true	true	true	true	true	true	true
biblegateway.com	spa	Traducción-en-lenguaje-actual-TLA-Biblia	true	true	true	true	true	true	true	true	true	true	true	true	true	true	true	true	true	true	true	true	true	true	true	true	true	true	true
biblehub.com	eng	afv	true	true	true	true	true	true	true	true	true	true	true	true	true	true	true	true	true	true	true	true	true	true	true	true	true	true	true
biblehub.com	eng	akjv	true	true	true	true	true	true	true	true	true	true	true	true	true	true	true	true	true	true	true	true	true	true	true	true	true	true	true
biblehub.com	eng	asv	true	true	true	true	true	true	true	true	true	true	true	true	true	true	true	true	true	true	true	true	true	true	true	true	true	true	true
biblehub.com	eng	amp	true	true	true	true	true	true	true	true	true	true	true	true	true	true	true	true	true	true	true	true	true	true	true	true	true	true	true
biblehub.com	eng	anderson	true	true	true	true	true	true	true	true	true	true	true	true	true	true	true	true	true	true	true	true	true	true	true	true	true	true	true
biblehub.com	eng	aramaic-plain-english	true	true	true	true	true	true	true	true	true	true	true	true	true	true	true	true	true	true	true	true	true	true	true	true	true	true	true
biblehub.com	eng	blb	true	true	true	true	true	true	true	true	true	true	true	true	true	true	true	true	true	true	true	true	true	true	true	true	true	true	true
biblehub.com	eng	bsb	true	true	true	true	true	true	true	true	true	true	true	true	true	true	true	true	true	true	true	true	true	true	true	true	true	true	true
biblehub.com	eng	bishops	true	true	true	true	true	true	true	true	true	true	true	true	true	true	true	true	true	true	true	true	true	true	true	true	true	true	true
biblehub.com	eng	cpdv	true	true	true	true	true	true	true	true	true	true	true	true	true	true	true	true	true	true	true	true	true	true	true	true	true	true	true
biblehub.com	eng	csb	true	true	true	true	true	true	true	true	true	true	true	true	true	true	true	true	true	true	true	true	true	true	true	true	true	true	true
biblehub.com	eng	cev	true	true	true	true	true	true	true	true	true	true	true	true	true	true	true	true	true	true	true	true	true	true	true	true	true	true	true
biblehub.com	eng	coverdale	true	true	true	true	true	true	true	true	true	true	true	true	true	true	true	true	true	true	true	true	true	true	true	true	true	true	true
biblehub.com	eng	dbt	true	true	true	true	true	true	true	true	true	true	true	true	true	true	true	true	true	true	true	true	true	true	true	true	true	true	true
biblehub.com	eng	drb	true	true	true	true	true	true	true	true	true	true	true	true	true	true	true	true	true	true	true	true	true	true	true	true	true	true	true
biblehub.com	eng	erv	true	true	true	true	true	true	true	true	true	true	true	true	true	true	true	true	true	true	true	true	true	true	true	true	true	true	true
biblehub.com	eng	esv	true	true	true	true	true	true	true	true	true	true	true	true	true	true	true	true	true	true	true	true	true	true	true	true	true	true	true
biblehub.com	eng	gwt	true	true	true	true	true	true	true	true	true	true	true	true	true	true	true	true	true	true	true	true	true	true	true	true	true	true	true
biblehub.com	eng	geneva	true	true	true	true	true	true	true	true	true	true	true	true	true	true	true	true	true	true	true	true	true	true	true	true	true	true	true
biblehub.com	eng	godbey	true	true	true	true	true	true	true	true	true	true	true	true	true	true	true	true	true	true	true	true	true	true	true	true	true	true	true
biblehub.com	eng	gnt	true	true	true	true	true	true	true	true	true	true	true	true	true	true	true	true	true	true	true	true	true	true	true	true	true	true	true
biblehub.com	eng	haweis	true	true	true	true	true	true	true	true	true	true	true	true	true	true	true	true	true	true	true	true	true	true	true	true	true	true	true
biblehub.com	eng	hcsb	true	true	true	true	true	true	true	true	true	true	true	true	true	true	true	true	true	true	true	true	true	true	true	true	true	true	true
biblehub.com	eng	isv	true	true	true	true	true	true	true	true	true	true	true	true	true	true	true	true	true	true	true	true	true	true	true	true	true	true	true
biblehub.com	eng	kj2000	true	true	true	true	true	true	true	true	true	true	true	true	true	true	true	true	true	true	true	true	true	true	true	true	true	true	true
biblehub.com	eng	kjv	true	true	true	true	true	true	true	true	true	true	true	true	true	true	true	true	true	true	true	true	true	true	true	true	true	true	true
biblehub.com	eng	lamsa	true	true	true	true	true	true	true	true	true	true	true	true	true	true	true	true	true	true	true	true	true	true	true	true	true	true	true
biblehub.com	eng	let	true	true	true	true	true	true	true	true	true	true	true	true	true	true	true	true	true	true	true	true	true	true	true	true	true	true	true
biblehub.com	eng	lsv	true	true	true	true	true	true	true	true	true	true	true	true	true	true	true	true	true	true	true	true	true	true	true	true	true	true	true
biblehub.com	eng	mace	true	true	true	true	true	true	true	true	true	true	true	true	true	true	true	true	true	true	true	true	true	true	true	true	true	true	true
biblehub.com	eng	nasb77	true	true	true	true	true	true	true	true	true	true	true	true	true	true	true	true	true	true	true	true	true	true	true	true	true	true	true
biblehub.com	eng	nasb	true	true	true	true	true	true	true	true	true	true	true	true	true	true	true	true	true	true	true	true	true	true	true	true	true	true	true
biblehub.com	eng	net	true	true	true	true	true	true	true	true	true	true	true	true	true	true	true	true	true	true	true	true	true	true	true	true	true	true	true
biblehub.com	eng	nasb_	true	true	true	true	true	true	true	true	true	true	true	true	true	true	true	true	true	true	true	true	true	true	true	true	true	true	true
biblehub.com	eng	nheb	true	true	true	true	true	true	true	true	true	true	true	true	true	true	true	true	true	true	true	true	true	true	true	true	true	true	true
biblehub.com	eng	niv	true	true	true	true	true	true	true	true	true	true	true	true	true	true	true	true	true	true	true	true	true	true	true	true	true	true	true
biblehub.com	eng	nkjv	true	true	true	true	true	true	true	true	true	true	true	true	true	true	true	true	true	true	true	true	true	true	true	true	true	true	true
biblehub.com	eng	nlt	true	true	true	true	true	true	true	true	true	true	true	true	true	true	true	true	true	true	true	true	true	true	true	true	true	true	true
biblehub.com	eng	slt	true	true	true	true	true	true	true	true	true	true	true	true	true	true	true	true	true	true	true	true	true	true	true	true	true	true	true
biblehub.com	eng	tyndale	true	true	true	true	true	true	true	true	true	true	true	true	true	true	true	true	true	true	true	true	true	true	true	true	true	true	true
biblehub.com	eng	wbt	true	true	true	true	true	true	true	true	true	true	true	true	true	true	true	true	true	true	true	true	true	true	true	true	true	true	true
biblehub.com	eng	wey	true	true	true	true	true	true	true	true	true	true	true	true	true	true	true	true	true	true	true	true	true	true	true	true	true	true	true
biblehub.com	eng	web	true	true	true	true	true	true	true	true	true	true	true	true	true	true	true	true	true	true	true	true	true	true	true	true	true	true	true
biblehub.com	eng	worrell	true	true	true	true	true	true	true	true	true	true	true	true	true	true	true	true	true	true	true	true	true	true	true	true	true	true	true
biblehub.com	eng	worsley	true	true	true	true	true	true	true	true	true	true	true	true	true	true	true	true	true	true	true	true	true	true	true	true	true	true	true
biblehub.com	eng	ylt	true	true	true	true	true	true	true	true	true	true	true	true	true	true	true	true	true	true	true	true	true	true	true	true	true	true	true
bibles.org	eng	685d1470fe4d5c3b-01	true	true	false	false	true	true	true	false	true	true	true	true	true	true	true	true	true	true	true	true	true	false	true	true	true	true	false
bibles.org	eng	a81b73293d3080c9-01	true	true	true	true	true	true	true	true	true	true	true	true	true	true	true	true	true	true	true	true	true	true	true	true	true	true	true
bibles.org	eng	bba9f40183526463-01	true	true	true	true	true	true	true	true	true	true	true	true	true	true	true	true	true	true	true	true	true	true	true	true	true	true	true
bibles.org	eng	55212e3cf5d04d49-01	true	true	true	true	true	true	true	true	true	true	true	true	true	true	true	true	true	true	true	true	true	true	true	true	true	true	true
bibles.org	eng	555fef9a6cb31151-01	true	true	true	true	true	true	true	true	true	true	true	true	true	true	true	true	true	true	true	true	true	true	true	true	true	true	true
bibles.org	eng	108aa0495c0f45fb-01	true	true	true	true	true	true	true	true	true	true	true	true	true	true	true	true	true	true	true	true	true	true	true	true	true	true	true
bibles.org	eng	555fef9a6cb31151-02	true	true	true	true	true	true	true	true	true	true	true	true	true	true	true	true	true	true	true	true	true	true	true	true	true	true	true
bibles.org	eng	555fef9a6cb31151-03	true	true	true	true	true	true	true	true	true	true	true	true	true	true	true	true	true	true	true	true	true	true	true	true	true	true	true
bibles.org	eng	179568874c45066f-01	true	true	true	true	true	true	true	true	true	true	true	true	true	true	true	true	true	true	true	true	true	true	true	true	true	true	true
bibles.org	eng	26eb483046b561dc-01	true	true	true	true	true	true	true	true	true	true	true	true	true	true	true	true	true	true	true	true	true	true	true	true	true	true	true
bibles.org	eng	55ec700d9e0d77ea-01	true	true	true	true	true	true	true	true	true	true	true	true	true	true	true	true	true	true	true	true	true	true	true	true	true	true	true
bibles.org	eng	f421fe261da7624f-01	true	true	true	true	true	true	true	true	true	true	true	true	true	true	true	true	true	true	true	true	true	true	true	true	true	true	true
bibles.org	eng	65eec8e0b60e656b-01	true	true	true	true	true	true	true	true	true	true	true	true	true	true	true	true	true	true	true	true	true	true	true	true	true	true	true
bibles.org	eng	0f6d909d7b736d4f-01	true	true	true	true	true	true	true	true	true	true	true	true	true	true	true	true	true	true	true	true	true	true	true	true	true	true	true
bibles.org	eng	c315fa9f71d4af3a-01	true	true	true	true	true	true	true	true	true	true	true	true	true	true	true	true	true	true	true	true	true	true	true	true	true	true	true
bibles.org	eng	de08848bef5aa286-02	true	true	true	true	true	true	true	true	true	true	true	true	true	true	true	true	true	true	true	true	true	true	true	true	true	true	true
bibles.org	eng	de08848bef5aa286-03	true	true	true	true	true	true	true	true	true	true	true	true	true	true	true	true	true	true	true	true	true	true	true	true	true	true	true
bibles.org	eng	de08848bef5aa286-01	true	true	true	true	true	true	true	true	true	true	true	true	true	true	true	true	true	true	true	true	true	true	true	true	true	true	true
bibles.org	eng	61fd76eafa1577c2-02	true	true	true	true	true	true	true	true	true	true	true	true	true	true	true	true	true	true	true	true	true	true	true	true	true	true	true
bibles.org	eng	61fd76eafa1577c2-01	true	true	true	true	true	true	true	true	true	true	true	true	true	true	true	true	true	true	true	true	true	true	true	true	true	true	true
bibles.org	eng	de4e12af7f28f599-01	true	true	true	true	true	true	true	true	true	true	true	true	true	true	true	true	true	true	true	true	true	true	true	true	true	true	true
bibles.org	eng	de4e12af7f28f599-02	true	true	true	true	true	true	true	true	true	true	true	true	true	true	true	true	true	true	true	true	true	true	true	true	true	true	true
bibles.org	eng	5cccfa61df57262f-01	true	true	true	true	true	true	true	true	true	true	true	true	true	true	true	true	true	true	true	true	true	true	true	true	true	true	true
bibles.org	eng	a6aee10bb058511c-01	true	true	true	true	true	true	true	true	true	true	true	true	true	true	true	true	true	true	true	true	true	true	true	true	true	true	true
bibles.org	eng	a6aee10bb058511c-02	true	true	true	true	true	true	true	true	true	true	true	true	true	true	true	true	true	true	true	true	true	true	true	true	true	true	true
bibles.org	eng	01b29f4b342acc35-01	true	true	true	true	true	true	true	true	true	true	true	true	true	true	true	true	true	true	true	true	true	true	true	true	true	true	true
bibles.org	eng	99e22db6104f0498-01	true	false	false	false	false	false	false	false	false	false	false	false	false	false	false	false	false	false	false	false	false	false	false	false	false	false	false
bibles.org	eng	5b888a42e2d9a89d-01	true	true	true	true	true	true	true	true	true	true	true	true	true	true	true	true	true	true	true	true	true	true	true	true	true	true	true
bibles.org	eng	3e2eb613d45e131e-01	true	true	true	true	true	true	true	true	true	true	true	true	true	true	true	true	true	true	true	true	true	true	true	true	true	true	true
bibles.org	eng	78a9f6124f344018-01	true	true	true	true	true	true	true	true	true	true	true	true	true	true	true	true	true	true	true	true	true	true	true	true	true	true	true
bibles.org	eng	d6e14a625393b4da-01	true	true	true	true	true	true	true	true	true	true	true	true	true	true	true	true	true	true	true	true	true	true	true	true	true	true	true
bibles.org	eng	1fd99b0d5841e19b-01	true	true	true	true	true	true	true	true	true	true	true	true	true	true	true	true	true	true	true	true	true	true	true	true	true	true	true
bibles.org	eng	1fd99b0d5841e19b-02	true	true	true	true	true	true	true	true	true	true	true	true	true	true	true	true	true	true	true	true	true	true	true	true	true	true	true
bibles.org	eng	4eede3e748e0a2c3-03	true	true	true	true	true	true	true	true	true	true	true	true	true	true	true	true	true	true	true	true	true	true	true	true	true	true	true
bibles.org	eng	4eede3e748e0a2c3-02	true	true	true	true	true	true	true	true	true	true	true	true	true	true	true	true	true	true	true	true	true	true	true	true	true	true	true
bibles.org	eng	1fd99b0d5841e19b-03	true	true	true	true	true	true	true	true	true	true	true	true	true	true	true	true	true	true	true	true	true	true	true	true	true	true	true
bibles.org	eng	4eede3e748e0a2c3-01	true	true	true	true	true	true	true	true	true	true	true	true	true	true	true	true	true	true	true	true	true	true	true	true	true	true	true
bibles.org	eng	4b64f7d0cdec0e42-01	true	true	true	true	true	true	true	true	true	true	true	true	true	true	true	true	true	true	true	true	true	true	true	true	true	true	true
bibles.org	eng	4b64f7d0cdec0e42-02	true	true	true	true	true	true	true	true	true	true	true	true	true	true	true	true	true	true	true	true	true	true	true	true	true	true	true
bibles.org	eng	4b64f7d0cdec0e42-03	true	true	true	true	true	true	true	true	true	true	true	true	true	true	true	true	true	true	true	true	true	true	true	true	true	true	true
bibles.org	eng	0a8314e257586058-01	true	true	true	true	true	true	true	true	true	true	true	true	true	true	true	true	true	true	true	true	true	true	true	true	true	true	true
bibles.org	eng	40072c4a5aba4022-01	true	true	true	true	true	true	true	true	true	true	true	true	true	true	true	true	true	true	true	true	true	true	true	true	true	true	true
bibles.org	eng	9bb76cd3e5a7f9b4-01	true	true	true	true	true	true	true	true	true	true	true	true	true	true	true	true	true	true	true	true	true	true	true	true	true	true	true
bibles.org	eng	2f0fd81d7b85b923-01	true	true	true	true	true	false	true	true	true	true	true	false	false	false	false	false	false	false	false	false	false	false	false	false	false	false	false
bibles.org	eng	a9fc3d9729b6a6a0-01	true	false	false	false	false	false	false	false	false	false	false	false	false	false	false	false	false	false	false	false	false	false	false	false	false	false	false
bibles.org	eng	06125adad2d5898a-01	true	true	true	true	true	true	true	true	true	true	true	true	true	true	true	true	true	true	true	true	true	true	true	true	true	true	true
bibles.org	eng	92df985750968ce9-01	true	true	true	true	true	true	true	true	true	true	true	true	true	true	true	true	true	true	true	true	true	true	true	true	true	true	true
bibles.org	eng	c89622d31b60c444-02	true	true	true	true	true	true	true	true	true	true	true	true	true	true	true	true	true	true	true	true	true	true	true	true	true	true	true
bibles.org	eng	32339cf2f720ff8e-01	true	true	true	true	true	true	true	true	true	true	true	true	true	true	true	true	true	true	true	true	true	true	true	true	true	true	true
bibles.org	eng	b5674f77348ad856-01	true	true	true	true	true	true	true	true	true	true	true	true	true	true	true	true	true	true	true	true	true	true	true	true	true	true	true
bibles.org	eng	4524cdb7a7098420-01	false	false	false	false	false	false	true	true	false	true	false	false	false	false	false	false	false	false	false	false	false	false	false	false	false	false	false
bibles.org	eng	9c907df84d849b86-01	true	true	true	true	true	true	true	true	true	true	true	true	true	true	true	true	true	true	true	true	true	true	true	true	true	true	true
bibles.org	eng	66c22495370cdfc0-01	true	true	true	true	true	true	true	true	true	true	true	true	true	true	true	true	true	true	true	true	true	true	true	true	true	true	true
bibles.org	eng	0bc8836afa7427fa-01	true	true	true	true	true	true	true	true	true	true	true	true	true	true	true	true	true	true	true	true	true	true	true	true	true	true	true
bibles.org	eng	fad27c00e7c042a2-01	true	true	true	true	true	true	true	true	true	true	true	true	true	true	true	true	true	true	true	true	true	true	true	true	true	true	true
bibles.org	eng	9879dbb7cfe39e4d-01	true	true	true	true	true	true	true	true	true	true	true	true	true	true	true	true	true	true	true	true	true	true	true	true	true	true	true
bibles.org	eng	9879dbb7cfe39e4d-02	true	true	true	true	true	true	true	true	true	true	true	true	true	true	true	true	true	true	true	true	true	true	true	true	true	true	true
bibles.org	eng	9879dbb7cfe39e4d-03	true	true	true	true	true	true	true	true	true	true	true	true	true	true	true	true	true	true	true	true	true	true	true	true	true	true	true
bibles.org	eng	9879dbb7cfe39e4d-04	true	true	true	true	true	true	true	true	true	true	true	true	true	true	true	true	true	true	true	true	true	true	true	true	true	true	true
bibles.org	eng	7142879509583d59-01	true	true	true	true	true	true	true	true	true	true	true	true	true	true	true	true	true	true	true	true	true	true	true	true	true	true	true
bibles.org	eng	7142879509583d59-02	true	true	true	true	true	true	true	true	true	true	true	true	true	true	true	true	true	true	true	true	true	true	true	true	true	true	true
bibles.org	eng	7142879509583d59-03	true	true	true	true	true	true	true	true	true	true	true	true	true	true	true	true	true	true	true	true	true	true	true	true	true	true	true
bibles.org	eng	7142879509583d59-04	true	true	true	true	true	true	true	true	true	true	true	true	true	true	true	true	true	true	true	true	true	true	true	true	true	true	true
bibles.org	eng	72f4e6dc683324df-01	true	true	true	true	true	true	true	true	true	true	true	true	true	true	true	true	true	true	true	true	true	true	true	true	true	true	true
bibles.org	eng	72f4e6dc683324df-02	true	true	true	true	true	true	true	true	true	true	true	true	true	true	true	true	true	true	true	true	true	true	true	true	true	true	true
bibles.org	eng	72f4e6dc683324df-03	true	true	true	true	true	true	true	true	true	true	true	true	true	true	true	true	true	true	true	true	true	true	true	true	true	true	true
bibles.org	eng	32664dc3288a28df-01	true	true	true	true	true	true	true	true	true	true	true	true	true	true	true	true	true	true	true	true	true	true	true	true	true	true	true
bibles.org	eng	32664dc3288a28df-02	true	true	true	true	true	true	true	true	true	true	true	true	true	true	true	true	true	true	true	true	true	true	true	true	true	true	true
bibles.org	eng	32664dc3288a28df-03	true	true	true	true	true	true	true	true	true	true	true	true	true	true	true	true	true	true	true	true	true	true	true	true	true	true	true
bibles.org	eng	f72b840c855f362c-04	true	true	true	true	true	true	true	true	true	true	true	true	true	true	true	true	true	true	true	true	true	true	true	true	true	true	true
bibles.org	eng	04da588535d2f823-04	true	true	true	true	true	true	true	true	true	true	true	true	true	true	true	true	true	true	true	true	true	true	true	true	true	true	true
bibles.org	eng	7a29e1242c9ee60d-01	true	true	true	true	true	true	true	true	true	true	true	true	true	true	true	true	true	true	true	true	true	true	true	true	true	true	true
bibles.org	fra	a93a92589195411f-01	true	true	true	true	true	true	true	true	true	true	true	true	true	true	true	true	true	true	true	true	true	true	true	true	true	true	true
bibles.org	fra	c329f9f1debe32db-01	true	false	false	false	false	false	false	false	false	false	false	false	false	false	false	false	false	false	false	false	false	false	false	false	false	false	false
bibles.org	fra	64138c65b3e295c2-01	true	false	false	false	false	false	false	false	false	false	false	false	false	false	false	false	false	false	false	false	false	false	false	false	false	false	false
bibles.org	fra	6f26e199139ea7f1-01	true	true	true	true	true	true	true	true	true	true	true	true	true	true	true	true	true	true	true	true	true	true	true	true	true	true	true
bibles.org	fra	98ab666655da6ae4-01	true	true	true	true	true	true	true	true	true	true	true	true	true	true	true	true	true	true	true	true	true	true	true	true	true	true	true
bibles.org	fra	a0eead58359eebd2-01	true	true	true	true	true	true	true	true	true	true	true	true	true	true	true	true	true	true	true	true	true	true	true	true	true	true	true
bibles.org	ita	41f25b97f468e10b-01	true	true	true	true	true	true	true	true	true	true	true	true	true	true	true	true	true	true	true	true	true	true	true	true	true	true	true
bibles.org	ita	547356f0e641742a-02	true	true	true	true	true	true	true	true	true	true	true	true	true	true	true	true	true	true	true	true	true	true	true	true	true	true	true
bibles.org	ita	547356f0e641742a-01	true	true	true	true	true	true	true	true	true	true	true	true	true	true	true	true	true	true	true	true	true	true	true	true	true	true	true
bibles.org	pol	fbb8b0e1943b417c-01	true	true	true	true	true	true	true	true	true	true	true	true	true	true	true	true	true	true	true	true	true	true	true	true	true	true	true
bibles.org	pol	2e3185bcb90f9381-01	true	true	true	true	true	true	true	true	true	true	true	true	true	true	true	true	true	true	true	true	true	true	true	true	true	true	true
bibles.org	pol	1c9761e0230da6e0-01	true	true	true	true	true	true	true	true	true	true	true	true	true	true	true	true	true	true	true	true	true	true	true	true	true	true	true
bibles.org	spa	6b7f504f1b6050c1-01	true	true	true	true	true	true	true	true	true	true	true	true	true	true	true	true	true	true	true	true	true	true	true	true	true	true	true
bibles.org	spa	0aaa4b88c30bcde2-01	true	true	true	true	true	true	true	true	true	true	true	true	true	true	true	true	true	true	true	true	true	true	true	true	true	true	true
bibles.org	spa	e1592fe262f26754-01	true	true	true	true	true	true	true	true	true	true	true	true	true	true	true	true	true	true	true	true	true	true	true	true	true	true	true
bibles.org	spa	abc55ec4a92a291d-01	true	true	true	true	true	true	true	true	true	true	true	true	true	true	true	true	true	true	true	true	true	true	true	true	true	true	true
bibles.org	spa	01c25b8715dbb632-01	true	true	true	true	true	true	true	true	true	true	true	true	true	true	true	true	true	true	true	true	true	true	true	true	true	true	true
bibles.org	spa	592420522e16049f-01	true	true	true	true	true	true	true	true	true	true	true	true	true	true	true	true	true	true	true	true	true	true	true	true	true	true	true
bibles.org	spa	48acedcf8595c754-01	true	true	true	true	true	true	true	true	true	true	true	true	true	true	true	true	true	true	true	true	true	true	true	true	true	true	true
bibles.org	spa	48acedcf8595c754-02	true	true	true	true	true	true	true	true	true	true	true	true	true	true	true	true	true	true	true	true	true	true	true	true	true	true	true
bibles.org	spa	ff913c55498d2380-01	true	true	true	true	true	true	true	true	true	true	true	true	true	true	true	true	true	true	true	true	true	true	true	true	true	true	true
bibles.org	spa	b32b9d1b64b4ef29-01	true	true	true	true	true	true	true	true	true	true	true	true	true	true	true	true	true	true	true	true	true	true	true	true	true	true	true
bibles.org	spa	482ddd53705278cc-01	true	true	true	true	true	true	true	true	true	true	true	true	true	true	true	true	true	true	true	true	true	true	true	true	true	true	true
bibles.org	spa	3a58bb7dafa55959-01	true	true	true	true	true	true	true	true	true	true	true	true	true	true	true	true	true	true	true	true	true	true	true	true	true	true	true
bibles.org	spa	3a58bb7dafa55959-02	true	true	true	true	true	true	true	true	true	true	true	true	true	true	true	true	true	true	true	true	true	true	true	true	true	true	true
bibles.org	spa	482ddd53705278cc-02	true	true	true	true	true	true	true	true	true	true	true	true	true	true	true	true	true	true	true	true	true	true	true	true	true	true	true
biblestudytools.com	eng	asv	true	true	true	true	true	true	true	true	true	true	true	true	true	true	true	true	true	true	true	true	true	true	true	true	true	true	true
biblestudytools.com	eng	bsb	true	true	true	true	true	true	true	true	true	true	true	true	true	true	true	true	true	true	true	true	true	true	true	true	true	true	true
biblestudytools.com	eng	ceb	true	true	true	true	true	true	true	true	true	true	true	true	true	true	true	true	true	true	true	true	true	true	true	true	true	true	true
biblestudytools.com	eng	ceba	true	true	true	true	true	true	true	true	true	true	true	true	true	true	true	true	true	true	true	true	true	true	true	true	true	true	true
biblestudytools.com	eng	rhe	true	true	true	true	true	true	true	true	true	true	true	true	true	true	true	true	true	true	true	true	true	true	true	true	true	true	true
biblestudytools.com	eng	esv	true	true	true	true	true	true	true	true	true	true	true	true	true	true	true	true	true	true	true	true	true	true	true	true	true	true	true
biblestudytools.com	eng	gw	true	true	true	true	true	true	true	true	true	true	true	true	true	true	true	true	true	true	true	true	true	true	true	true	true	true	true
biblestudytools.com	eng	gnt	true	true	true	true	true	true	true	true	true	true	true	true	true	true	true	true	true	true	true	true	true	true	true	true	true	true	true
biblestudytools.com	eng	gnta	true	true	true	true	true	true	true	true	true	true	true	true	true	true	true	true	true	true	true	true	true	true	true	true	true	true	true
biblestudytools.com	eng	hnv	true	true	true	true	true	true	true	true	true	true	true	true	true	true	true	true	true	true	true	true	true	true	true	true	true	true	true
biblestudytools.com	eng	csb	true	true	true	true	true	true	true	true	true	true	true	true	true	true	true	true	true	true	true	true	true	true	true	true	true	true	true
biblestudytools.com	eng	jub	true	true	true	true	true	true	true	true	true	true	true	true	true	true	true	true	true	true	true	true	true	true	true	true	true	true	true
biblestudytools.com	eng	kjv	true	true	true	true	true	true	true	true	true	true	true	true	true	true	true	true	true	true	true	true	true	true	true	true	true	true	true
biblestudytools.com	eng	kjva	true	true	true	true	true	true	true	true	true	true	true	true	true	true	true	true	true	true	true	true	true	true	true	true	true	true	true
biblestudytools.com	eng	leb	true	true	true	true	true	true	true	true	true	true	true	true	true	true	true	true	true	true	true	true	true	true	true	true	true	true	true
biblestudytools.com	eng	nas	true	true	true	true	true	true	true	true	true	true	true	true	true	true	true	true	true	true	true	true	true	true	true	true	true	true	true
biblestudytools.com	eng	ncv	true	true	true	true	true	true	true	true	true	true	true	true	true	true	true	true	true	true	true	true	true	true	true	true	true	true	true
biblestudytools.com	eng	nirv	true	true	true	true	true	true	true	true	true	true	true	true	true	true	true	true	true	true	true	true	true	true	true	true	true	true	true
biblestudytools.com	eng	niv	true	true	true	true	true	true	true	true	true	true	true	true	true	true	true	true	true	true	true	true	true	true	true	true	true	true	true
biblestudytools.com	eng	nkjv	true	true	true	true	true	true	true	true	true	true	true	true	true	true	true	true	true	true	true	true	true	true	true	true	true	true	true
biblestudytools.com	eng	nlt	true	true	true	true	true	true	true	true	true	true	true	true	true	true	true	true	true	true	true	true	true	true	true	true	true	true	true
biblestudytools.com	eng	nrs	true	true	true	true	true	true	true	true	true	true	true	true	true	true	true	true	true	true	true	true	true	true	true	true	true	true	true
biblestudytools.com	eng	nrsa	true	true	true	true	true	true	true	true	true	true	true	true	true	true	true	true	true	true	true	true	true	true	true	true	true	true	true
biblestudytools.com	eng	rsv	true	true	true	true	true	true	true	true	true	true	true	true	true	true	true	true	true	true	true	true	true	true	true	true	true	true	true
biblestudytools.com	eng	rsva	true	true	true	true	true	true	true	true	true	true	true	true	true	true	true	true	true	true	true	true	true	true	true	true	true	true	true
biblestudytools.com	eng	bbe	true	true	true	true	true	true	true	true	true	true	true	true	true	true	true	true	true	true	true	true	true	true	true	true	true	true	true
biblestudytools.com	eng	cjb	true	true	true	true	true	true	true	true	true	true	true	true	true	true	true	true	true	true	true	true	true	true	true	true	true	true	true
biblestudytools.com	eng	dby	true	true	true	true	true	true	true	true	true	true	true	true	true	true	true	true	true	true	true	true	true	true	true	true	true	true	true
biblestudytools.com	eng	msg	true	true	true	true	true	true	true	true	true	true	true	true	true	true	true	true	true	true	true	true	true	true	true	true	true	true	true
biblestudytools.com	eng	wbt	true	true	true	true	true	true	true	true	true	true	true	true	true	true	true	true	true	true	true	true	true	true	true	true	true	true	true
biblestudytools.com	eng	tmb	true	true	true	true	true	true	true	true	true	true	true	true	true	true	true	true	true	true	true	true	true	true	true	true	true	true	true
biblestudytools.com	eng	tmba	true	true	true	true	true	true	true	true	true	true	true	true	true	true	true	true	true	true	true	true	true	true	true	true	true	true	true
biblestudytools.com	eng	tyn	true	true	true	true	true	true	true	true	true	true	true	true	true	true	true	true	true	true	true	true	true	true	true	true	true	true	true
biblestudytools.com	eng	wnt	true	true	true	true	true	true	true	true	true	true	true	true	true	true	true	true	true	true	true	true	true	true	true	true	true	true	true
biblestudytools.com	eng	web	true	true	true	true	true	true	true	true	true	true	true	true	true	true	true	true	true	true	true	true	true	true	true	true	true	true	true
biblestudytools.com	eng	wyc	true	true	true	true	true	true	true	true	true	true	true	true	true	true	true	true	true	true	true	true	true	true	true	true	true	true	true
biblestudytools.com	eng	ylt	true	true	true	true	true	true	true	true	true	true	true	true	true	true	true	true	true	true	true	true	true	true	true	true	true	true	true
bibliepolskie.pl	pol	BRZESKA.TRANS.	true	true	true	true	true	true	true	true	true	true	true	true	true	true	true	true	true	true	true	true	true	true	true	true	true	true	true
bibliepolskie.pl	pol	GDAŃSKA.1881	true	true	true	true	true	true	true	true	true	true	true	true	true	true	true	true	true	true	true	true	true	true	true	true	true	true	true
bibliepolskie.pl	pol	WUJEK.1923	true	true	true	true	true	true	true	true	true	true	true	true	true	true	true	true	true	true	true	true	true	true	true	true	true	true	true
bibliepolskie.pl	pol	KJV.POL.2025	true	true	true	true	true	true	true	true	true	true	true	true	true	true	true	true	true	true	true	true	true	true	true	true	true	true	true
bibliepolskie.pl	pol	TYSIĄCL.WYD5	true	true	true	true	true	true	true	true	true	true	true	true	true	true	true	true	true	true	true	true	true	true	true	true	true	true	true
bibliepolskie.pl	pol	EIB.BIBLIA.2016.LIT	true	true	true	true	true	true	true	true	true	true	true	true	true	true	true	true	true	true	true	true	true	true	true	true	true	true	true
bibliepolskie.pl	pol	BRYTYJKA	true	true	true	true	true	true	true	true	true	true	true	true	true	true	true	true	true	true	true	true	true	true	true	true	true	true	true
bibliepolskie.pl	pol	WARSZ.PRASKA	true	true	true	true	true	true	true	true	true	true	true	true	true	true	true	true	true	true	true	true	true	true	true	true	true	true	true
bibliepolskie.pl	pol	GRZYM.1937	true	true	true	true	true	false	false	false	false	false	false	false	false	false	false	false	false	false	false	false	false	false	false	false	false	false	false
bibliepolskie.pl	pol	GRZYM.1936	true	true	true	true	false	false	false	false	false	false	false	false	false	false	false	false	false	false	false	false	false	false	false	false	false	false	false
bibliepolskie.pl	pol	SZCZEPAŃSKI	true	true	true	true	true	false	false	false	false	false	false	false	false	false	false	false	false	false	false	false	false	false	false	false	false	false	false
bibliepolskie.pl	pol	DĄBR.WUL.1973	true	true	true	true	true	true	true	true	true	true	true	true	true	true	true	true	true	true	true	true	true	true	true	true	true	true	true
bibliepolskie.pl	pol	DĄBR.GR.1961	true	true	true	true	true	true	true	true	true	true	true	true	true	true	true	true	true	true	true	true	true	true	true	true	true	true	true
bibliepolskie.pl	pol	ŚLĄSKIE.TOW.BIB.	true	true	true	true	true	true	true	true	true	true	true	true	true	true	true	true	true	true	true	true	true	true	true	true	true	true	true
bibliepolskie.pl	pol	RAKOW.NT	true	true	true	true	true	true	true	true	true	true	true	true	true	true	true	true	true	true	true	true	true	true	true	true	true	true	true
bibliepolskie.pl	pol	BUDNY.1574	true	true	true	true	true	true	true	true	true	true	true	true	true	true	true	true	true	true	true	true	true	true	true	true	true	true	true
bibliepolskie.pl	pol	MARIAWICI	true	true	true	true	true	true	true	true	true	true	true	true	true	true	true	true	true	true	true	true	true	true	true	true	true	true	true
bibliepolskie.pl	pol	TOR.PRZ.2023	true	true	true	true	true	true	true	true	true	true	true	true	true	true	true	true	true	true	true	true	true	true	true	true	true	true	true
bibliepolskie.pl	pol	SOŁOWEYCZYK.MAT	true	false	false	false	false	false	false	false	false	false	false	false	false	false	false	false	false	false	false	false	false	false	false	false	false	false	false
bibliepolskie.pl	pol	GDAŃSKA.2017	true	true	true	true	true	true	true	true	true	true	true	true	true	true	true	true	true	true	true	true	true	true	true	true	true	true	true
crossbible.com	eng	ASV	true	true	true	true	true	true	true	true	true	true	true	true	true	true	true	true	true	true	true	true	true	true	true	true	true	true	true
crossbible.com	eng	BSB	true	true	true	true	true	true	true	true	true	true	true	true	true	true	true	true	true	true	true	true	true	true	true	true	true	true	true
crossbible.com	eng	ESV-CE	true	true	true	true	true	true	true	true	true	true	true	true	true	true	true	true	true	true	true	true	true	true	true	true	true	true	true
crossbible.com	eng	KJV-1611	true	true	true	true	true	true	true	true	true	true	true	true	true	true	true	true	true	true	true	true	true	true	true	true	true	true	true
crossbible.com	eng	KJV-1769	true	true	true	true	true	true	true	true	true	true	true	true	true	true	true	true	true	true	true	true	true	true	true	true	true	true	true
crossbible.com	eng	NASB	true	true	true	true	true	true	true	true	true	true	true	true	true	true	true	true	true	true	true	true	true	true	true	true	true	true	true
crossbible.com	eng	NETv1	true	true	true	true	true	true	true	true	true	true	true	true	true	true	true	true	true	true	true	true	true	true	true	true	true	true	true
crossbible.com	eng	NIV	true	true	true	true	true	true	true	true	true	true	true	true	true	true	true	true	true	true	true	true	true	true	true	true	true	true	true
crossbible.com	eng	NRSVue	true	true	true	true	true	true	true	true	true	true	true	true	true	true	true	true	true	true	true	true	true	true	true	true	true	true	true
crossbible.com	eng	TYN	true	true	true	true	true	true	true	true	true	true	true	true	true	true	true	true	true	true	true	true	true	true	true	true	true	true	true
crossbible.com	eng	WBT	true	true	true	true	true	true	true	true	true	true	true	true	true	true	true	true	true	true	true	true	true	true	true	true	true	true	true
crossbible.com	eng	WNT	true	true	true	true	true	true	true	true	true	true	true	true	true	true	true	true	true	true	true	true	true	true	true	true	true	true	true
crossbible.com	fra	LSG	true	true	true	true	true	true	true	true	true	true	true	true	true	true	true	true	true	true	true	true	true	true	true	true	true	true	true
crossbible.com	spa	RV-1909	true	true	true	true	true	true	true	true	true	true	true	true	true	true	true	true	true	true	true	true	true	true	true	true	true	true	true
ebible.org	eng	engasvbt	true	true	true	true	true	true	true	true	true	true	true	true	true	true	true	true	true	true	true	true	true	true	true	true	true	true	true
ebible.org	eng	engBBE	true	true	true	true	true	true	true	true	true	true	true	true	true	true	true	true	true	true	true	true	true	true	true	true	true	true	true
ebible.org	eng	engDBY	true	true	true	true	true	true	true	true	true	true	true	true	true	true	true	true	true	true	true	true	true	true	true	true	true	true	true
ebible.org	eng	engDRA	true	true	true	true	true	true	true	true	true	true	true	true	true	true	true	true	true	true	true	true	true	true	true	true	true	true	true
ebible.org	eng	engbsb	true	true	true	true	true	true	true	true	true	true	true	true	true	true	true	true	true	true	true	true	true	true	true	true	true	true	true
ebible.org	eng	englsv	true	true	true	true	true	true	true	true	true	true	true	true	true	true	true	true	true	true	true	true	true	true	true	true	true	true	true
ebible.org	eng	engemtv	true	true	true	true	true	true	true	true	true	true	true	true	true	true	true	true	true	true	true	true	true	true	true	true	true	true	true
ebible.org	eng	engf35	true	true	true	true	true	true	true	true	true	true	true	true	true	true	true	true	true	true	true	true	true	true	true	true	true	true	true
ebible.org	eng	engfbv	true	true	true	true	true	true	true	true	true	true	true	true	true	true	true	true	true	true	true	true	true	true	true	true	true	true	true
ebible.org	eng	enggnv	true	true	true	true	true	true	true	true	true	true	true	true	true	true	true	true	true	true	true	true	true	true	true	true	true	true	true
ebible.org	eng	engkjvcpb	true	true	true	true	true	true	true	true	true	true	true	true	true	true	true	true	true	true	true	true	true	true	true	true	true	true	true
ebible.org	eng	engnoy	true	true	true	true	true	true	true	true	true	true	true	true	true	true	true	true	true	true	true	true	true	true	true	true	true	true	true
ebible.org	eng	engoebcw	true	true	true	true	true	true	true	true	true	true	true	true	true	true	true	true	true	true	true	true	true	true	true	true	true	true	true
ebible.org	eng	engoebus	true	true	true	true	true	true	true	true	true	true	true	true	true	true	true	true	true	true	true	true	true	true	true	true	true	true	true
ebible.org	eng	engtcent	true	true	true	true	true	true	true	true	true	true	true	true	true	true	true	true	true	true	true	true	true	true	true	true	true	true	true
ebible.org	eng	engtnt	true	true	true	true	true	true	true	true	true	true	true	true	true	true	true	true	true	true	true	true	true	true	true	true	true	true	true
ebible.org	eng	engULB	true	true	true	true	true	true	true	true	true	true	true	true	true	true	true	true	true	true	true	true	true	true	true	true	true	true	true
ebible.org	eng	engwebster	true	true	true	true	true	true	true	true	true	true	true	true	true	true	true	true	true	true	true	true	true	true	true	true	true	true	true
ebible.org	eng	engwebp	true	true	true	true	true	true	true	true	true	true	true	true	true	true	true	true	true	true	true	true	true	true	true	true	true	true	true
ebible.org	eng	engwebpb	true	true	true	true	true	true	true	true	true	true	true	true	true	true	true	true	true	true	true	true	true	true	true	true	true	true	true
ebible.org	eng	engwebu	true	true	true	true	true	true	true	true	true	true	true	true	true	true	true	true	true	true	true	true	true	true	true	true	true	true	true
ebible.org	eng	engwmb	true	true	true	true	true	true	true	true	true	true	true	true	true	true	true	true	true	true	true	true	true	true	true	true	true	true	true
ebible.org	eng	engwmbb	true	true	true	true	true	true	true	true	true	true	true	true	true	true	true	true	true	true	true	true	true	true	true	true	true	true	true
ebible.org	eng	engylt	true	true	true	true	true	true	true	true	true	true	true	true	true	true	true	true	true	true	true	true	true	true	true	true	true	true	true
ebible.org	fra	frasbl	true	true	true	true	true	true	true	true	true	true	true	true	true	true	true	true	true	true	true	true	true	true	true	true	true	true	true
ebible.org	fra	fraLSG	true	true	true	true	true	true	true	true	true	true	true	true	true	true	true	true	true	true	true	true	true	true	true	true	true	true	true
ebible.org	fra	fra_fob	true	true	true	true	true	true	true	true	true	true	true	true	true	true	true	true	true	true	true	true	true	true	true	true	true	true	true
ebible.org	fra	francl	true	true	true	true	true	true	true	true	true	true	true	true	true	true	true	true	true	true	true	true	true	true	true	true	true	true	true
ebible.org	ita	ita1885	true	true	true	true	true	true	true	true	true	true	true	true	true	true	true	true	true	true	true	true	true	true	true	true	true	true	true
ebible.org	ita	ita1927	true	true	true	true	true	true	true	true	true	true	true	true	true	true	true	true	true	true	true	true	true	true	true	true	true	true	true
ebible.org	pol	polsz	true	true	true	true	true	true	true	true	true	true	true	true	true	true	true	true	true	true	true	true	true	true	true	true	true	true	true
ebible.org	pol	polubg	true	true	true	true	true	true	true	true	true	true	true	true	true	true	true	true	true	true	true	true	true	true	true	true	true	true	true
ebible.org	spa	spabes	true	true	true	true	true	true	true	true	true	true	true	true	true	true	true	true	true	true	true	true	true	true	true	true	true	true	true
ebible.org	spa	spaRV1909	true	true	true	true	true	true	true	true	true	true	true	true	true	true	true	true	true	true	true	true	true	true	true	true	true	true	true
ebible.org	spa	spapddpt	true	true	true	true	true	true	true	true	true	true	true	true	true	true	true	true	true	true	true	true	true	true	true	true	true	true	true
ebible.org	spa	spavbl	true	true	true	true	true	true	true	true	true	true	true	true	true	true	true	true	true	true	true	true	true	true	true	true	true	true	true
ebible.org	spa	spablm	true	true	true	true	true	true	true	true	true	true	true	true	true	true	true	true	true	true	true	true	true	true	true	true	true	true	true
jw.org	eng	nwt-eng	true	true	true	true	true	true	true	true	true	true	true	true	true	true	true	true	true	true	true	true	true	true	true	true	true	true	true
jw.org	fra	nwt-fra	true	true	true	true	true	true	true	true	true	true	true	true	true	true	true	true	true	true	true	true	true	true	true	true	true	true	true
jw.org	ita	nwt-ita	true	true	true	true	true	true	true	true	true	true	true	true	true	true	true	true	true	true	true	true	true	true	true	true	true	true	true
jw.org	pol	nwt-pol	true	true	true	true	true	true	true	true	true	true	true	true	true	true	true	true	true	true	true	true	true	true	true	true	true	true	true
jw.org	spa	nwt-spa	true	true	true	true	true	true	true	true	true	true	true	true	true	true	true	true	true	true	true	true	true	true	true	true	true	true	true
laparola.net	eng	asv	true	true	true	true	true	true	true	true	true	true	true	true	true	true	true	true	true	true	true	true	true	true	true	true	true	true	true
laparola.net	eng	bbe	true	true	true	true	true	true	true	true	true	true	true	true	true	true	true	true	true	true	true	true	true	true	true	true	true	true	true
laparola.net	eng	dr	true	true	true	true	true	true	true	true	true	true	true	true	true	true	true	true	true	true	true	true	true	true	true	true	true	true	true
laparola.net	eng	eng_kjv	true	true	true	true	true	true	true	true	true	true	true	true	true	true	true	true	true	true	true	true	true	true	true	true	true	true	true
laparola.net	eng	eng_kjv2006	true	true	true	true	true	true	true	true	true	true	true	true	true	true	true	true	true	true	true	true	true	true	true	true	true	true	true
laparola.net	eng	leb	true	true	true	true	true	true	true	true	true	true	true	true	true	true	true	true	true	true	true	true	true	true	true	true	true	true	true
laparola.net	eng	lsv	true	true	true	true	true	true	true	true	true	true	true	true	true	true	true	true	true	true	true	true	true	true	true	true	true	true	true
laparola.net	eng	web	true	true	true	true	true	true	true	true	true	true	true	true	true	true	true	true	true	true	true	true	true	true	true	true	true	true	true
laparola.net	eng	eng_ylt	true	true	true	true	true	true	true	true	true	true	true	true	true	true	true	true	true	true	true	true	true	true	true	true	true	true	true
laparola.net	fra	darbyfr	true	true	true	true	true	true	true	true	true	true	true	true	true	true	true	true	true	true	true	true	true	true	true	true	true	true	true
laparola.net	fra	louissegond	true	true	true	true	true	true	true	true	true	true	true	true	true	true	true	true	true	true	true	true	true	true	true	true	true	true	true
laparola.net	fra	ostervald	true	true	true	true	true	true	true	true	true	true	true	true	true	true	true	true	true	true	true	true	true	true	true	true	true	true	true
laparola.net	ita	cei1974	true	true	true	true	true	true	true	true	true	true	true	true	true	true	true	true	true	true	true	true	true	true	true	true	true	true	true
laparola.net	ita	dio	true	true	true	true	true	true	true	true	true	true	true	true	true	true	true	true	true	true	true	true	true	true	true	true	true	true	true
laparola.net	ita	lpv	true	true	true	true	true	true	true	true	true	true	true	true	true	true	true	true	true	true	true	true	true	true	true	true	true	true	true
laparola.net	ita	martini	true	true	true	true	true	true	true	true	true	true	true	true	true	true	true	true	true	true	true	true	true	true	true	true	true	true	true
laparola.net	ita	nd	true	true	true	true	true	true	true	true	true	true	true	true	true	true	true	true	true	true	true	true	true	true	true	true	true	true	true
laparola.net	ita	nr	true	true	true	true	true	true	true	true	true	true	true	true	true	true	true	true	true	true	true	true	true	true	true	true	true	true	true
laparola.net	ita	nr94	true	true	true	true	true	true	true	true	true	true	true	true	true	true	true	true	true	true	true	true	true	true	true	true	true	true	true
laparola.net	ita	ricciotti	true	true	true	true	true	true	true	true	true	true	true	true	true	true	true	true	true	true	true	true	true	true	true	true	true	true	true
laparola.net	ita	luzzi	true	true	true	true	true	true	true	true	true	true	true	true	true	true	true	true	true	true	true	true	true	true	true	true	true	true	true
laparola.net	ita	r2	true	true	true	true	true	true	true	true	true	true	true	true	true	true	true	true	true	true	true	true	true	true	true	true	true	true	true
laparola.net	ita	tintori	true	true	true	true	true	true	true	true	true	true	true	true	true	true	true	true	true	true	true	true	true	true	true	true	true	true	true
laparola.net	spa	reinavalera	true	true	true	true	true	true	true	true	true	true	true	true	true	true	true	true	true	true	true	true	true	true	true	true	true	true	true
laparola.net	spa	sagradasescrituras	true	true	true	true	true	true	true	true	true	true	true	true	true	true	true	true	true	true	true	true	true	true	true	true	true	true	true
obohu.cz	eng	T2001	true	true	true	true	true	true	true	true	true	true	true	true	true	true	true	true	true	true	true	true	true	true	true	true	true	true	true
obohu.cz	eng	ASVS	true	true	true	true	true	true	true	true	true	true	true	true	true	true	true	true	true	true	true	true	true	true	true	true	true	true	true
obohu.cz	eng	ASV	true	true	true	true	true	true	true	true	true	true	true	true	true	true	true	true	true	true	true	true	true	true	true	true	true	true	true
obohu.cz	eng	THO	true	true	true	true	true	true	true	true	true	true	true	true	true	true	true	true	true	true	true	true	true	true	true	true	true	true	true
obohu.cz	eng	CJB	true	true	true	true	true	true	true	true	true	true	true	true	true	true	true	true	true	true	true	true	true	true	true	true	true	true	true
obohu.cz	eng	DB	true	true	true	true	true	true	true	true	true	true	true	true	true	true	true	true	true	true	true	true	true	true	true	true	true	true	true
obohu.cz	eng	LAMSA	true	true	true	true	true	true	true	true	true	true	true	true	true	true	true	true	true	true	true	true	true	true	true	true	true	true	true
obohu.cz	eng	MURD	true	true	true	true	true	true	true	true	true	true	true	true	true	true	true	true	true	true	true	true	true	true	true	true	true	true	true
obohu.cz	eng	ESV	true	true	true	true	true	true	true	true	true	true	true	true	true	true	true	true	true	true	true	true	true	true	true	true	true	true	true
obohu.cz	eng	LITV	true	true	true	true	true	true	true	true	true	true	true	true	true	true	true	true	true	true	true	true	true	true	true	true	true	true	true
obohu.cz	eng	IAV	true	true	true	true	true	true	true	true	true	true	true	true	true	true	true	true	true	true	true	true	true	true	true	true	true	true	true
obohu.cz	eng	MOF	true	true	true	true	true	true	true	true	true	true	true	true	true	true	true	true	true	true	true	true	true	true	true	true	true	true	true
obohu.cz	eng	ETHE	true	true	true	true	true	true	true	true	true	true	true	true	true	true	true	true	true	true	true	true	true	true	true	true	true	true	true
obohu.cz	eng	JESP	true	true	true	true	true	true	true	true	true	true	true	true	true	true	true	true	true	true	true	true	true	true	true	true	true	true	true
obohu.cz	eng	KJ2	true	true	true	true	true	true	true	true	true	true	true	true	true	true	true	true	true	true	true	true	true	true	true	true	true	true	true
obohu.cz	eng	KJ3	true	true	true	true	true	true	true	true	true	true	true	true	true	true	true	true	true	true	true	true	true	true	true	true	true	true	true
obohu.cz	eng	KJPCE	true	true	true	true	true	true	true	true	true	true	true	true	true	true	true	true	true	true	true	true	true	true	true	true	true	true	true
obohu.cz	eng	KJ	true	true	true	true	true	true	true	true	true	true	true	true	true	true	true	true	true	true	true	true	true	true	true	true	true	true	true
obohu.cz	eng	LEB	true	true	true	true	true	true	true	true	true	true	true	true	true	true	true	true	true	true	true	true	true	true	true	true	true	true	true
obohu.cz	eng	MIT	true	true	true	true	true	true	true	true	true	true	true	true	true	true	true	true	true	true	true	true	true	true	true	true	true	true	true
obohu.cz	eng	NET	true	true	true	true	true	true	true	true	true	true	true	true	true	true	true	true	true	true	true	true	true	true	true	true	true	true	true
obohu.cz	eng	NWTEN	true	true	true	true	true	true	true	true	true	true	true	true	true	true	true	true	true	true	true	true	true	true	true	true	true	true	true
obohu.cz	eng	ROT	true	true	true	true	true	true	true	true	true	true	true	true	true	true	true	true	true	true	true	true	true	true	true	true	true	true	true
obohu.cz	eng	RNKJ	true	true	true	true	true	true	true	true	true	true	true	true	true	true	true	true	true	true	true	true	true	true	true	true	true	true	true
obohu.cz	eng	TS98	true	true	true	true	true	true	true	true	true	true	true	true	true	true	true	true	true	true	true	true	true	true	true	true	true	true	true
obohu.cz	eng	VW	true	true	true	true	true	true	true	true	true	true	true	true	true	true	true	true	true	true	true	true	true	true	true	true	true	true	true
obohu.cz	eng	WEBS	true	true	true	true	true	true	true	true	true	true	true	true	true	true	true	true	true	true	true	true	true	true	true	true	true	true	true
obohu.cz	eng	WEB	true	true	true	true	true	true	true	true	true	true	true	true	true	true	true	true	true	true	true	true	true	true	true	true	true	true	true
obohu.cz	eng	YLT	true	true	true	true	true	true	true	true	true	true	true	true	true	true	true	true	true	true	true	true	true	true	true	true	true	true	true
obohu.cz	fra	FBAC	true	true	true	true	true	true	true	true	true	true	true	true	true	true	true	true	true	true	true	true	true	true	true	true	true	true	true
obohu.cz	fra	FBM	true	true	true	true	true	true	true	true	true	true	true	true	true	true	true	true	true	true	true	true	true	true	true	true	true	true	true
obohu.cz	fra	BDP	true	true	true	true	true	true	true	true	true	true	true	true	true	true	true	true	true	true	true	true	true	true	true	true	true	true	true
obohu.cz	fra	FBBB	true	true	true	true	true	true	true	true	true	true	true	true	true	true	true	true	true	true	true	true	true	true	true	true	true	true	true
obohu.cz	fra	DBF	true	true	true	true	true	true	true	true	true	true	true	true	true	true	true	true	true	true	true	true	true	true	true	true	true	true	true
obohu.cz	fra	DM07	true	true	true	true	true	true	true	true	true	true	true	true	true	true	true	true	true	true	true	true	true	true	true	true	true	true	true
obohu.cz	fra	MART	true	true	true	true	true	true	true	true	true	true	true	true	true	true	true	true	true	true	true	true	true	true	true	true	true	true	true
obohu.cz	fra	KJF	true	true	true	true	true	true	true	true	true	true	true	true	true	true	true	true	true	true	true	true	true	true	true	true	true	true	true
obohu.cz	fra	OST	true	true	true	true	true	true	true	true	true	true	true	true	true	true	true	true	true	true	true	true	true	true	true	true	true	true	true
obohu.cz	fra	FBJ	true	true	true	true	true	true	true	true	true	true	true	true	true	true	true	true	true	true	true	true	true	true	true	true	true	true	true
obohu.cz	fra	FR	true	true	true	true	true	true	true	true	true	true	true	true	true	true	true	true	true	true	true	true	true	true	true	true	true	true	true
obohu.cz	fra	LSS	true	true	true	true	true	true	true	true	true	true	true	true	true	true	true	true	true	true	true	true	true	true	true	true	true	true	true
obohu.cz	fra	LCF	true	true	true	true	true	true	true	true	true	true	true	true	true	true	true	true	true	true	true	true	true	true	true	true	true	true	true
obohu.cz	fra	PGR	true	true	true	true	true	true	true	true	true	true	true	true	true	true	true	true	true	true	true	true	true	true	true	true	true	true	true
obohu.cz	fra	PCB	true	true	true	true	true	true	true	true	true	true	true	true	true	true	true	true	true	true	true	true	true	true	true	true	true	true	true
obohu.cz	fra	FBS	true	true	true	true	true	true	true	true	true	true	true	true	true	true	true	true	true	true	true	true	true	true	true	true	true	true	true
obohu.cz	fra	GENF	true	true	true	true	true	true	true	true	true	true	true	true	true	true	true	true	true	true	true	true	true	true	true	true	true	true	true
obohu.cz	ita	CEI	true	true	true	true	true	true	true	true	true	true	true	true	true	true	true	true	true	true	true	true	true	true	true	true	true	true	true
obohu.cz	ita	DIO	true	true	true	true	true	true	true	true	true	true	true	true	true	true	true	true	true	true	true	true	true	true	true	true	true	true	true
obohu.cz	ita	IT	true	true	true	true	true	true	true	true	true	true	true	true	true	true	true	true	true	true	true	true	true	true	true	true	true	true	true
obohu.cz	pol	AM	true	true	true	true	true	true	true	true	true	true	true	true	true	true	true	true	true	true	true	true	true	true	true	true	true	true	true
obohu.cz	pol	POL	true	true	true	true	true	true	true	true	true	true	true	true	true	true	true	true	true	true	true	true	true	true	true	true	true	true	true
obohu.cz	pol	POZ	true	true	true	true	true	true	true	true	true	true	true	true	true	true	true	true	true	true	true	true	true	true	true	true	true	true	true
obohu.cz	pol	PBB	true	true	true	true	true	true	true	true	true	true	true	true	true	true	true	true	true	true	true	true	true	true	true	true	true	true	true
obohu.cz	pol	PBT	true	true	true	true	true	true	true	true	true	true	true	true	true	true	true	true	true	true	true	true	true	true	true	true	true	true	true
obohu.cz	pol	PBW	true	true	true	true	true	true	true	true	true	true	true	true	true	true	true	true	true	true	true	true	true	true	true	true	true	true	true
obohu.cz	pol	PBWP	true	true	true	true	true	true	true	true	true	true	true	true	true	true	true	true	true	true	true	true	true	true	true	true	true	true	true
obohu.cz	pol	NBG	true	true	true	true	true	true	true	true	true	true	true	true	true	true	true	true	true	true	true	true	true	true	true	true	true	true	true
obohu.cz	pol	UBG	true	true	true	true	true	true	true	true	true	true	true	true	true	true	true	true	true	true	true	true	true	true	true	true	true	true	true
obohu.cz	spa	LBLA	true	true	true	true	true	true	true	true	true	true	true	true	true	true	true	true	true	true	true	true	true	true	true	true	true	true	true
obohu.cz	spa	PRATT	true	true	true	true	true	true	true	true	true	true	true	true	true	true	true	true	true	true	true	true	true	true	true	true	true	true	true
obohu.cz	spa	SBJ	true	true	true	true	true	true	true	true	true	true	true	true	true	true	true	true	true	true	true	true	true	true	true	true	true	true	true
obohu.cz	spa	SBJ1	true	true	true	true	true	true	true	true	true	true	true	true	true	true	true	true	true	true	true	true	true	true	true	true	true	true	true
obohu.cz	spa	JUN	true	true	true	true	true	true	true	true	true	true	true	true	true	true	true	true	true	true	true	true	true	true	true	true	true	true	true
obohu.cz	spa	BLA	true	true	true	true	true	true	true	true	true	true	true	true	true	true	true	true	true	true	true	true	true	true	true	true	true	true	true
obohu.cz	spa	NVI	true	true	true	true	true	true	true	true	true	true	true	true	true	true	true	true	true	true	true	true	true	true	true	true	true	true	true
obohu.cz	spa	PESE	true	true	true	true	true	true	true	true	true	true	true	true	true	true	true	true	true	true	true	true	true	true	true	true	true	true	true
obohu.cz	spa	RV2	true	true	true	true	true	true	true	true	true	true	true	true	true	true	true	true	true	true	true	true	true	true	true	true	true	true	true
obohu.cz	spa	RV3	true	true	true	true	true	true	true	true	true	true	true	true	true	true	true	true	true	true	true	true	true	true	true	true	true	true	true
obohu.cz	spa	RV1	true	true	true	true	true	true	true	true	true	true	true	true	true	true	true	true	true	true	true	true	true	true	true	true	true	true	true
obohu.cz	spa	RVR	true	true	true	true	true	true	true	true	true	true	true	true	true	true	true	true	true	true	true	true	true	true	true	true	true	true	true
obohu.cz	spa	RV	true	true	true	true	true	true	true	true	true	true	true	true	true	true	true	true	true	true	true	true	true	true	true	true	true	true	true
obohu.cz	spa	RVG	true	true	true	true	true	true	true	true	true	true	true	true	true	true	true	true	true	true	true	true	true	true	true	true	true	true	true
obohu.cz	spa	RVA	true	true	true	true	true	true	true	true	true	true	true	true	true	true	true	true	true	true	true	true	true	true	true	true	true	true	true
obohu.cz	spa	ESC	true	true	true	true	true	true	true	true	true	true	true	true	true	true	true	true	true	true	true	true	true	true	true	true	true	true	true
